Season,Date,HomeTeam,AwayTeam,FTHG,FTAG,tipo
1920,2020-02-20,AS Roma,KAA Gent,1,0,round-of-32
1920,2020-02-20,AZ Alkmaar,LASK Linz,1,1,round-of-32
1920,2020-02-20,Apoel Nicosia,FC Basel,0,3,round-of-32
1920,2020-02-20,Bayer Leverkusen,FC Porto,2,1,round-of-32
1920,2020-02-20,CFR Cluj-Napoca,Sevilla,1,1,round-of-32
1920,2020-02-20,Club Brugge,Manchester United,1,1,round-of-32
1920,2020-02-20,Eintracht Frankfurt,RB Salzburg,4,1,round-of-32
1920,2020-02-20,F.C. København,Celtic,1,1,round-of-32
1920,2020-02-20,Getafe,Ajax Amsterdam,2,0,round-of-32
1920,2020-02-20,Ludogorets Razgrad,Internazionale,0,2,round-of-32
1920,2020-02-20,Olympiacos,Arsenal,0,1,round-of-32
1920,2020-02-20,Rangers,Braga,3,2,round-of-32
1920,2020-02-20,Shakhtar Donetsk,Benfica,2,1,round-of-32
1920,2020-02-20,Sporting CP,Istanbul Basaksehir,3,1,round-of-32
1920,2020-02-20,VfL Wolfsburg,Malmö FF,2,1,round-of-32
1920,2020-02-20,Wolverhampton Wanderers,Espanyol,4,0,round-of-32
1920,2020-02-26,Braga,Rangers,0,1,round-of-32
1920,2020-02-27,Ajax Amsterdam,Getafe,2,1,round-of-32
1920,2020-02-27,Arsenal,Olympiacos,1,2,round-of-32
1920,2020-02-27,Benfica,Shakhtar Donetsk,3,3,round-of-32
1920,2020-02-27,Celtic,F.C. København,1,3,round-of-32
1920,2020-02-27,Espanyol,Wolverhampton Wanderers,3,2,round-of-32
1920,2020-02-27,FC Basel,Apoel Nicosia,1,0,round-of-32
1920,2020-02-27,FC Porto,Bayer Leverkusen,1,3,round-of-32
1920,2020-02-27,Internazionale,Ludogorets Razgrad,2,1,round-of-32
1920,2020-02-27,Istanbul Basaksehir,Sporting CP,4,1,round-of-32
1920,2020-02-27,KAA Gent,AS Roma,1,1,round-of-32
1920,2020-02-27,LASK Linz,AZ Alkmaar,2,0,round-of-32
1920,2020-02-27,Malmö FF,VfL Wolfsburg,0,3,round-of-32
1920,2020-02-27,Manchester United,Club Brugge,5,0,round-of-32
1920,2020-02-27,Sevilla,CFR Cluj-Napoca,0,0,round-of-32
1920,2020-02-28,RB Salzburg,Eintracht Frankfurt,2,2,round-of-32
1920,2020-03-12,Eintracht Frankfurt,FC Basel,0,3,round-of-16
1920,2020-03-12,Istanbul Basaksehir,F.C. København,1,0,round-of-16
1920,2020-03-12,LASK Linz,Manchester United,0,5,round-of-16
1920,2020-03-12,Olympiacos,Wolverhampton Wanderers,1,1,round-of-16
1920,2020-03-12,Rangers,Bayer Leverkusen,1,3,round-of-16
1920,2020-03-12,VfL Wolfsburg,Shakhtar Donetsk,1,2,round-of-16
1920,2020-08-05,F.C. København,Istanbul Basaksehir,3,0,round-of-16
1920,2020-08-05,Internazionale,Getafe,2,0,round-of-16
1920,2020-08-05,Manchester United,LASK Linz,2,1,round-of-16
1920,2020-08-05,Shakhtar Donetsk,VfL Wolfsburg,3,0,round-of-16
1920,2020-08-06,Bayer Leverkusen,Rangers,1,0,round-of-16
1920,2020-08-06,FC Basel,Eintracht Frankfurt,1,0,round-of-16
1920,2020-08-06,Sevilla,AS Roma,2,0,round-of-16
1920,2020-08-06,Wolverhampton Wanderers,Olympiacos,1,0,round-of-16
1920,2020-08-10,Internazionale,Bayer Leverkusen,2,1,quarterfinals
1920,2020-08-10,Manchester United,F.C. København,1,0,quarterfinals
1920,2020-08-11,Shakhtar Donetsk,FC Basel,4,1,quarterfinals
1920,2020-08-11,Wolverhampton Wanderers,Sevilla,0,1,quarterfinals
1920,2020-08-16,Sevilla,Manchester United,2,1,semifinals
1920,2020-08-17,Internazionale,Shakhtar Donetsk,5,0,semifinals
1920,2020-08-21,Sevilla,Internazionale,3,2,final
2021,2020-10-22,Bayer Leverkusen,Nice,6,2,group-stage
2021,2020-10-22,Braga,AEK Athens,3,0,group-stage
2021,2020-10-22,CSKA Sofia,CFR Cluj-Napoca,0,2,group-stage
2021,2020-10-22,Celtic,AC Milan,1,3,group-stage
2021,2020-10-22,Dinamo Zagreb,Feyenoord Rotterdam,0,0,group-stage
2021,2020-10-22,Dundalk,Molde,1,2,group-stage
2021,2020-10-22,Hapoel Be'er,Slavia Prague,3,1,group-stage
2021,2020-10-22,Lech Poznan,Benfica,2,4,group-stage
2021,2020-10-22,Leicester City,FC Zorya Luhansk,3,0,group-stage
2021,2020-10-22,Liberec,KAA Gent,1,0,group-stage
2021,2020-10-22,Ludogorets Razgrad,Antwerp,1,2,group-stage
2021,2020-10-22,Maccabi Tel-Aviv,FK Qarabag,1,0,group-stage
2021,2020-10-22,Napoli,AZ Alkmaar,0,1,group-stage
2021,2020-10-22,PAOK,Omonia Nicosia,1,1,group-stage
2021,2020-10-22,PSV Eindhoven,Granada,1,2,group-stage
2021,2020-10-22,Rapid Vienna,Arsenal,1,2,group-stage
2021,2020-10-22,Rijeka,Real Sociedad,0,1,group-stage
2021,2020-10-22,Sparta Prague,Lille,1,4,group-stage
2021,2020-10-22,Standard Liege,Rangers,0,2,group-stage
2021,2020-10-22,TSG Hoffenheim,Red Star Belgrade,2,0,group-stage
2021,2020-10-22,Tottenham Hotspur,LASK Linz,3,0,group-stage
2021,2020-10-22,Villarreal,Sivasspor,5,3,group-stage
2021,2020-10-22,Wolfsberger,CSKA Moscow,1,1,group-stage
2021,2020-10-22,Young Boys,AS Roma,1,2,group-stage
2021,2020-10-29,AC Milan,Sparta Prague,3,0,group-stage
2021,2020-10-29,AEK Athens,Leicester City,1,2,group-stage
2021,2020-10-29,AS Roma,CSKA Sofia,0,0,group-stage
2021,2020-10-29,AZ Alkmaar,Rijeka,4,1,group-stage
2021,2020-10-29,Antwerp,Tottenham Hotspur,1,0,group-stage
2021,2020-10-29,Arsenal,Dundalk,3,0,group-stage
2021,2020-10-29,Benfica,Standard Liege,3,0,group-stage
2021,2020-10-29,CFR Cluj-Napoca,Young Boys,1,1,group-stage
2021,2020-10-29,CSKA Moscow,Dinamo Zagreb,0,0,group-stage
2021,2020-10-29,FC Zorya Luhansk,Braga,1,2,group-stage
2021,2020-10-29,FK Qarabag,Villarreal,1,3,group-stage
2021,2020-10-29,Feyenoord Rotterdam,Wolfsberger,1,4,group-stage
2021,2020-10-29,Granada,PAOK,0,0,group-stage
2021,2020-10-29,KAA Gent,TSG Hoffenheim,1,4,group-stage
2021,2020-10-29,LASK Linz,Ludogorets Razgrad,4,3,group-stage
2021,2020-10-29,Lille,Celtic,2,2,group-stage
2021,2020-10-29,Molde,Rapid Vienna,1,0,group-stage
2021,2020-10-29,Nice,Hapoel Be'er,1,0,group-stage
2021,2020-10-29,Omonia Nicosia,PSV Eindhoven,1,2,group-stage
2021,2020-10-29,Rangers,Lech Poznan,1,0,group-stage
2021,2020-10-29,Real Sociedad,Napoli,0,1,group-stage
2021,2020-10-29,Red Star Belgrade,Liberec,5,1,group-stage
2021,2020-10-29,Sivasspor,Maccabi Tel-Aviv,1,2,group-stage
2021,2020-10-29,Slavia Prague,Bayer Leverkusen,1,0,group-stage
2021,2020-11-05,AC Milan,Lille,0,3,group-stage
2021,2020-11-05,AS Roma,CFR Cluj-Napoca,5,0,group-stage
2021,2020-11-05,Antwerp,LASK Linz,0,1,group-stage
2021,2020-11-05,Arsenal,Molde,4,1,group-stage
2021,2020-11-05,Benfica,Rangers,3,3,group-stage
2021,2020-11-05,Celtic,Sparta Prague,1,4,group-stage
2021,2020-11-05,Dinamo Zagreb,Wolfsberger,1,0,group-stage
2021,2020-11-05,FC Zorya Luhansk,AEK Athens,1,4,group-stage
2021,2020-11-05,Feyenoord Rotterdam,CSKA Moscow,3,1,group-stage
2021,2020-11-05,Hapoel Be'er,Bayer Leverkusen,2,4,group-stage
2021,2020-11-05,Lech Poznan,Standard Liege,3,1,group-stage
2021,2020-11-05,Leicester City,Braga,4,0,group-stage
2021,2020-11-05,Ludogorets Razgrad,Tottenham Hotspur,1,3,group-stage
2021,2020-11-05,Omonia Nicosia,Granada,0,2,group-stage
2021,2020-11-05,PAOK,PSV Eindhoven,4,1,group-stage
2021,2020-11-05,Rapid Vienna,Dundalk,4,3,group-stage
2021,2020-11-05,Real Sociedad,AZ Alkmaar,1,0,group-stage
2021,2020-11-05,Red Star Belgrade,KAA Gent,2,1,group-stage
2021,2020-11-05,Rijeka,Napoli,1,2,group-stage
2021,2020-11-05,Sivasspor,FK Qarabag,2,0,group-stage
2021,2020-11-05,Slavia Prague,Nice,3,2,group-stage
2021,2020-11-05,TSG Hoffenheim,Liberec,5,0,group-stage
2021,2020-11-05,Villarreal,Maccabi Tel-Aviv,4,0,group-stage
2021,2020-11-05,Young Boys,CSKA Sofia,3,0,group-stage
2021,2020-11-26,AEK Athens,FC Zorya Luhansk,0,3,group-stage
2021,2020-11-26,AZ Alkmaar,Real Sociedad,0,0,group-stage
2021,2020-11-26,Bayer Leverkusen,Hapoel Be'er,4,1,group-stage
2021,2020-11-26,Braga,Leicester City,3,3,group-stage
2021,2020-11-26,CFR Cluj-Napoca,AS Roma,0,2,group-stage
2021,2020-11-26,CSKA Moscow,Feyenoord Rotterdam,0,0,group-stage
2021,2020-11-26,CSKA Sofia,Young Boys,0,1,group-stage
2021,2020-11-26,Dundalk,Rapid Vienna,1,3,group-stage
2021,2020-11-26,FK Qarabag,Sivasspor,2,3,group-stage
2021,2020-11-26,Granada,Omonia Nicosia,2,1,group-stage
2021,2020-11-26,KAA Gent,Red Star Belgrade,0,2,group-stage
2021,2020-11-26,LASK Linz,Antwerp,0,2,group-stage
2021,2020-11-26,Liberec,TSG Hoffenheim,0,2,group-stage
2021,2020-11-26,Lille,AC Milan,1,1,group-stage
2021,2020-11-26,Maccabi Tel-Aviv,Villarreal,1,1,group-stage
2021,2020-11-26,Molde,Arsenal,0,3,group-stage
2021,2020-11-26,Napoli,Rijeka,2,0,group-stage
2021,2020-11-26,Nice,Slavia Prague,1,3,group-stage
2021,2020-11-26,PSV Eindhoven,PAOK,3,2,group-stage
2021,2020-11-26,Rangers,Benfica,2,2,group-stage
2021,2020-11-26,Sparta Prague,Celtic,4,1,group-stage
2021,2020-11-26,Standard Liege,Lech Poznan,2,1,group-stage
2021,2020-11-26,Tottenham Hotspur,Ludogorets Razgrad,4,0,group-stage
2021,2020-11-26,Wolfsberger,Dinamo Zagreb,0,3,group-stage
2021,2020-12-03,AC Milan,Celtic,4,2,group-stage
2021,2020-12-03,AEK Athens,Braga,2,4,group-stage
2021,2020-12-03,AS Roma,Young Boys,3,1,group-stage
2021,2020-12-03,AZ Alkmaar,Napoli,1,1,group-stage
2021,2020-12-03,Antwerp,Ludogorets Razgrad,3,1,group-stage
2021,2020-12-03,Arsenal,Rapid Vienna,4,1,group-stage
2021,2020-12-03,Benfica,Lech Poznan,4,0,group-stage
2021,2020-12-03,CFR Cluj-Napoca,CSKA Sofia,0,0,group-stage
2021,2020-12-03,CSKA Moscow,Wolfsberger,0,1,group-stage
2021,2020-12-03,FC Zorya Luhansk,Leicester City,1,0,group-stage
2021,2020-12-03,FK Qarabag,Maccabi Tel-Aviv,1,1,group-stage
2021,2020-12-03,Feyenoord Rotterdam,Dinamo Zagreb,0,2,group-stage
2021,2020-12-03,Granada,PSV Eindhoven,0,1,group-stage
2021,2020-12-03,KAA Gent,Liberec,1,2,group-stage
2021,2020-12-03,LASK Linz,Tottenham Hotspur,3,3,group-stage
2021,2020-12-03,Lille,Sparta Prague,2,1,group-stage
2021,2020-12-03,Molde,Dundalk,3,1,group-stage
2021,2020-12-03,Nice,Bayer Leverkusen,2,3,group-stage
2021,2020-12-03,Omonia Nicosia,PAOK,2,1,group-stage
2021,2020-12-03,Rangers,Standard Liege,3,2,group-stage
2021,2020-12-03,Real Sociedad,Rijeka,2,2,group-stage
2021,2020-12-03,Red Star Belgrade,TSG Hoffenheim,0,0,group-stage
2021,2020-12-03,Sivasspor,Villarreal,0,1,group-stage
2021,2020-12-03,Slavia Prague,Hapoel Be'er,3,0,group-stage
2021,2020-12-10,Bayer Leverkusen,Slavia Prague,4,0,group-stage
2021,2020-12-10,Braga,FC Zorya Luhansk,2,0,group-stage
2021,2020-12-10,CSKA Sofia,AS Roma,3,1,group-stage
2021,2020-12-10,Celtic,Lille,3,2,group-stage
2021,2020-12-10,Dinamo Zagreb,CSKA Moscow,3,1,group-stage
2021,2020-12-10,Dundalk,Arsenal,2,4,group-stage
2021,2020-12-10,Hapoel Be'er,Nice,1,0,group-stage
2021,2020-12-10,Lech Poznan,Rangers,0,2,group-stage
2021,2020-12-10,Leicester City,AEK Athens,2,0,group-stage
2021,2020-12-10,Liberec,Red Star Belgrade,0,0,group-stage
2021,2020-12-10,Ludogorets Razgrad,LASK Linz,1,3,group-stage
2021,2020-12-10,Maccabi Tel-Aviv,Sivasspor,1,0,group-stage
2021,2020-12-10,Napoli,Real Sociedad,1,1,group-stage
2021,2020-12-10,PAOK,Granada,0,0,group-stage
2021,2020-12-10,PSV Eindhoven,Omonia Nicosia,4,0,group-stage
2021,2020-12-10,Rapid Vienna,Molde,2,2,group-stage
2021,2020-12-10,Rijeka,AZ Alkmaar,2,1,group-stage
2021,2020-12-10,Sparta Prague,AC Milan,0,1,group-stage
2021,2020-12-10,Standard Liege,Benfica,2,2,group-stage
2021,2020-12-10,TSG Hoffenheim,KAA Gent,4,1,group-stage
2021,2020-12-10,Tottenham Hotspur,Antwerp,2,0,group-stage
2021,2020-12-10,Villarreal,FK Qarabag,0,0,group-stage
2021,2020-12-10,Wolfsberger,Feyenoord Rotterdam,1,0,group-stage
2021,2020-12-10,Young Boys,CFR Cluj-Napoca,2,1,group-stage
2021,2021-02-18,Antwerp,Rangers,3,4,round-of-32
2021,2021-02-18,Benfica,Arsenal,1,1,round-of-32
2021,2021-02-18,Braga,AS Roma,0,2,round-of-32
2021,2021-02-18,Dynamo Kyiv,Club Brugge,1,1,round-of-32
2021,2021-02-18,Granada,Napoli,2,0,round-of-32
2021,2021-02-18,Krasnodar,Dinamo Zagreb,2,3,round-of-32
2021,2021-02-18,Lille,Ajax Amsterdam,1,2,round-of-32
2021,2021-02-18,Maccabi Tel-Aviv,Shakhtar Donetsk,0,2,round-of-32
2021,2021-02-18,Molde,TSG Hoffenheim,3,3,round-of-32
2021,2021-02-18,Olympiacos,PSV Eindhoven,4,2,round-of-32
2021,2021-02-18,RB Salzburg,Villarreal,0,2,round-of-32
2021,2021-02-18,Real Sociedad,Manchester United,0,4,round-of-32
2021,2021-02-18,Red Star Belgrade,AC Milan,2,2,round-of-32
2021,2021-02-18,Slavia Prague,Leicester City,0,0,round-of-32
2021,2021-02-18,Wolfsberger,Tottenham Hotspur,1,4,round-of-32
2021,2021-02-18,Young Boys,Bayer Leverkusen,4,3,round-of-32
2021,2021-02-24,Tottenham Hotspur,Wolfsberger,4,0,round-of-32
2021,2021-02-25,AC Milan,Red Star Belgrade,1,1,round-of-32
2021,2021-02-25,AS Roma,Braga,3,1,round-of-32
2021,2021-02-25,Ajax Amsterdam,Lille,2,1,round-of-32
2021,2021-02-25,Arsenal,Benfica,3,2,round-of-32
2021,2021-02-25,Bayer Leverkusen,Young Boys,0,2,round-of-32
2021,2021-02-25,Club Brugge,Dynamo Kyiv,0,1,round-of-32
2021,2021-02-25,Dinamo Zagreb,Krasnodar,1,0,round-of-32
2021,2021-02-25,Leicester City,Slavia Prague,0,2,round-of-32
2021,2021-02-25,Manchester United,Real Sociedad,0,0,round-of-32
2021,2021-02-25,Napoli,Granada,2,1,round-of-32
2021,2021-02-25,PSV Eindhoven,Olympiacos,2,1,round-of-32
2021,2021-02-25,Rangers,Antwerp,5,2,round-of-32
2021,2021-02-25,Shakhtar Donetsk,Maccabi Tel-Aviv,1,0,round-of-32
2021,2021-02-25,TSG Hoffenheim,Molde,0,2,round-of-32
2021,2021-02-25,Villarreal,RB Salzburg,2,1,round-of-32
2021,2021-03-11,AS Roma,Shakhtar Donetsk,3,0,round-of-16
2021,2021-03-11,Ajax Amsterdam,Young Boys,3,0,round-of-16
2021,2021-03-11,Dynamo Kyiv,Villarreal,0,2,round-of-16
2021,2021-03-11,Granada,Molde,2,0,round-of-16
2021,2021-03-11,Manchester United,AC Milan,1,1,round-of-16
2021,2021-03-11,Olympiacos,Arsenal,1,3,round-of-16
2021,2021-03-11,Slavia Prague,Rangers,1,1,round-of-16
2021,2021-03-11,Tottenham Hotspur,Dinamo Zagreb,2,0,round-of-16
2021,2021-03-18,AC Milan,Manchester United,0,1,round-of-16
2021,2021-03-18,Arsenal,Olympiacos,0,1,round-of-16
2021,2021-03-18,Dinamo Zagreb,Tottenham Hotspur,3,0,round-of-16
2021,2021-03-18,Molde,Granada,2,1,round-of-16
2021,2021-03-18,Rangers,Slavia Prague,0,2,round-of-16
2021,2021-03-18,Shakhtar Donetsk,AS Roma,1,2,round-of-16
2021,2021-03-18,Villarreal,Dynamo Kyiv,2,0,round-of-16
2021,2021-03-18,Young Boys,Ajax Amsterdam,0,2,round-of-16
2021,2021-04-08,Ajax Amsterdam,AS Roma,1,2,quarterfinals
2021,2021-04-08,Arsenal,Slavia Prague,1,1,quarterfinals
2021,2021-04-08,Dinamo Zagreb,Villarreal,0,1,quarterfinals
2021,2021-04-08,Granada,Manchester United,0,2,quarterfinals
2021,2021-04-15,AS Roma,Ajax Amsterdam,1,1,quarterfinals
2021,2021-04-15,Manchester United,Granada,2,0,quarterfinals
2021,2021-04-15,Slavia Prague,Arsenal,0,4,quarterfinals
2021,2021-04-15,Villarreal,Dinamo Zagreb,2,1,quarterfinals
2021,2021-04-29,Manchester United,AS Roma,6,2,semifinals
2021,2021-04-29,Villarreal,Arsenal,2,1,semifinals
2021,2021-05-06,AS Roma,Manchester United,3,2,semifinals
2021,2021-05-06,Arsenal,Villarreal,0,0,semifinals
2021,2021-05-26,Villarreal,Manchester United,1,1,final
2122,2021-09-15,Spartak Moscow,Legia Warsaw,0,1,group-stage
2122,2021-09-16,AS Monaco,SK Sturm Graz,1,0,group-stage
2122,2021-09-16,Bayer Leverkusen,Ferencvaros,2,1,group-stage
2122,2021-09-16,Brøndby IF,Sparta Prague,0,0,group-stage
2122,2021-09-16,Dinamo Zagreb,West Ham United,0,2,group-stage
2122,2021-09-16,Eintracht Frankfurt,Fenerbahce,1,1,group-stage
2122,2021-09-16,FC Midtjylland,Ludogorets Razgrad,1,1,group-stage
2122,2021-09-16,Galatasaray,Lazio,1,0,group-stage
2122,2021-09-16,Leicester City,Napoli,2,2,group-stage
2122,2021-09-16,Lokomotiv Moscow,Marseille,1,1,group-stage
2122,2021-09-16,Olympiacos,Antwerp,2,1,group-stage
2122,2021-09-16,PSV Eindhoven,Real Sociedad,2,2,group-stage
2122,2021-09-16,Rangers,Lyon,0,2,group-stage
2122,2021-09-16,Rapid Vienna,Racing Genk,0,1,group-stage
2122,2021-09-16,Real Betis,Celtic,4,3,group-stage
2122,2021-09-16,Red Star Belgrade,Braga,2,1,group-stage
2122,2021-09-30,Antwerp,Eintracht Frankfurt,0,1,group-stage
2122,2021-09-30,Braga,FC Midtjylland,3,1,group-stage
2122,2021-09-30,Celtic,Bayer Leverkusen,0,4,group-stage
2122,2021-09-30,Fenerbahce,Olympiacos,0,3,group-stage
2122,2021-09-30,Ferencvaros,Real Betis,1,3,group-stage
2122,2021-09-30,Lazio,Lokomotiv Moscow,2,0,group-stage
2122,2021-09-30,Legia Warsaw,Leicester City,1,0,group-stage
2122,2021-09-30,Ludogorets Razgrad,Red Star Belgrade,0,1,group-stage
2122,2021-09-30,Lyon,Brøndby IF,3,0,group-stage
2122,2021-09-30,Marseille,Galatasaray,0,0,group-stage
2122,2021-09-30,Napoli,Spartak Moscow,2,3,group-stage
2122,2021-09-30,Racing Genk,Dinamo Zagreb,0,3,group-stage
2122,2021-09-30,Real Sociedad,AS Monaco,1,1,group-stage
2122,2021-09-30,SK Sturm Graz,PSV Eindhoven,1,4,group-stage
2122,2021-09-30,Sparta Prague,Rangers,1,0,group-stage
2122,2021-09-30,West Ham United,Rapid Vienna,2,0,group-stage
2122,2021-10-19,Celtic,Ferencvaros,2,0,group-stage
2122,2021-10-20,Spartak Moscow,Leicester City,3,4,group-stage
2122,2021-10-21,Eintracht Frankfurt,Olympiacos,3,1,group-stage
2122,2021-10-21,FC Midtjylland,Red Star Belgrade,1,1,group-stage
2122,2021-10-21,Fenerbahce,Antwerp,2,2,group-stage
2122,2021-10-21,Lazio,Marseille,0,0,group-stage
2122,2021-10-21,Lokomotiv Moscow,Galatasaray,0,1,group-stage
2122,2021-10-21,Ludogorets Razgrad,Braga,0,1,group-stage
2122,2021-10-21,Napoli,Legia Warsaw,3,0,group-stage
2122,2021-10-21,PSV Eindhoven,AS Monaco,1,2,group-stage
2122,2021-10-21,Rangers,Brøndby IF,2,0,group-stage
2122,2021-10-21,Rapid Vienna,Dinamo Zagreb,2,1,group-stage
2122,2021-10-21,Real Betis,Bayer Leverkusen,1,1,group-stage
2122,2021-10-21,SK Sturm Graz,Real Sociedad,0,1,group-stage
2122,2021-10-21,Sparta Prague,Lyon,3,4,group-stage
2122,2021-10-21,West Ham United,Racing Genk,3,0,group-stage
2122,2021-11-04,AS Monaco,PSV Eindhoven,0,0,group-stage
2122,2021-11-04,Antwerp,Fenerbahce,0,3,group-stage
2122,2021-11-04,Bayer Leverkusen,Real Betis,4,0,group-stage
2122,2021-11-04,Braga,Ludogorets Razgrad,4,2,group-stage
2122,2021-11-04,Brøndby IF,Rangers,1,1,group-stage
2122,2021-11-04,Dinamo Zagreb,Rapid Vienna,3,1,group-stage
2122,2021-11-04,Ferencvaros,Celtic,2,3,group-stage
2122,2021-11-04,Galatasaray,Lokomotiv Moscow,1,1,group-stage
2122,2021-11-04,Legia Warsaw,Napoli,1,4,group-stage
2122,2021-11-04,Leicester City,Spartak Moscow,1,1,group-stage
2122,2021-11-04,Lyon,Sparta Prague,3,0,group-stage
2122,2021-11-04,Marseille,Lazio,2,2,group-stage
2122,2021-11-04,Olympiacos,Eintracht Frankfurt,1,2,group-stage
2122,2021-11-04,Racing Genk,West Ham United,2,2,group-stage
2122,2021-11-04,Real Sociedad,SK Sturm Graz,1,1,group-stage
2122,2021-11-04,Red Star Belgrade,FC Midtjylland,0,1,group-stage
2122,2021-11-24,Spartak Moscow,Napoli,2,1,group-stage
2122,2021-11-25,AS Monaco,Real Sociedad,2,1,group-stage
2122,2021-11-25,Bayer Leverkusen,Celtic,3,2,group-stage
2122,2021-11-25,Brøndby IF,Lyon,1,3,group-stage
2122,2021-11-25,Dinamo Zagreb,Racing Genk,1,1,group-stage
2122,2021-11-25,Eintracht Frankfurt,Antwerp,2,2,group-stage
2122,2021-11-25,FC Midtjylland,Braga,3,2,group-stage
2122,2021-11-25,Galatasaray,Marseille,4,2,group-stage
2122,2021-11-25,Leicester City,Legia Warsaw,3,1,group-stage
2122,2021-11-25,Lokomotiv Moscow,Lazio,0,3,group-stage
2122,2021-11-25,Olympiacos,Fenerbahce,1,0,group-stage
2122,2021-11-25,PSV Eindhoven,SK Sturm Graz,2,0,group-stage
2122,2021-11-25,Rangers,Sparta Prague,2,0,group-stage
2122,2021-11-25,Rapid Vienna,West Ham United,0,2,group-stage
2122,2021-11-25,Real Betis,Ferencvaros,2,0,group-stage
2122,2021-11-25,Red Star Belgrade,Ludogorets Razgrad,1,0,group-stage
2122,2021-12-09,Antwerp,Olympiacos,1,0,group-stage
2122,2021-12-09,Braga,Red Star Belgrade,1,1,group-stage
2122,2021-12-09,Celtic,Real Betis,3,2,group-stage
2122,2021-12-09,Fenerbahce,Eintracht Frankfurt,1,1,group-stage
2122,2021-12-09,Ferencvaros,Bayer Leverkusen,1,0,group-stage
2122,2021-12-09,Lazio,Galatasaray,0,0,group-stage
2122,2021-12-09,Legia Warsaw,Spartak Moscow,0,1,group-stage
2122,2021-12-09,Ludogorets Razgrad,FC Midtjylland,0,0,group-stage
2122,2021-12-09,Lyon,Rangers,1,1,group-stage
2122,2021-12-09,Marseille,Lokomotiv Moscow,1,0,group-stage
2122,2021-12-09,Napoli,Leicester City,3,2,group-stage
2122,2021-12-09,Racing Genk,Rapid Vienna,0,1,group-stage
2122,2021-12-09,Real Sociedad,PSV Eindhoven,3,0,group-stage
2122,2021-12-09,SK Sturm Graz,AS Monaco,1,1,group-stage
2122,2021-12-09,Sparta Prague,Brøndby IF,2,0,group-stage
2122,2021-12-09,West Ham United,Dinamo Zagreb,0,1,group-stage
2122,2022-02-17,Atalanta,Olympiacos,2,1,knockout-round-playoffs
2122,2022-02-17,Barcelona,Napoli,1,1,knockout-round-playoffs
2122,2022-02-17,Borussia Dortmund,Rangers,2,4,knockout-round-playoffs
2122,2022-02-17,FC Porto,Lazio,2,1,knockout-round-playoffs
2122,2022-02-17,RB Leipzig,Real Sociedad,2,2,knockout-round-playoffs
2122,2022-02-17,Sevilla,Dinamo Zagreb,3,1,knockout-round-playoffs
2122,2022-02-17,Sheriff Tiraspol,Braga,2,0,knockout-round-playoffs
2122,2022-02-17,Zenit St Petersburg,Real Betis,2,3,knockout-round-playoffs
2122,2022-02-24,Braga,Sheriff Tiraspol,2,0,knockout-round-playoffs
2122,2022-02-24,Dinamo Zagreb,Sevilla,1,0,knockout-round-playoffs
2122,2022-02-24,Lazio,FC Porto,2,2,knockout-round-playoffs
2122,2022-02-24,Napoli,Barcelona,2,4,knockout-round-playoffs
2122,2022-02-24,Olympiacos,Atalanta,0,3,knockout-round-playoffs
2122,2022-02-24,Rangers,Borussia Dortmund,2,2,knockout-round-playoffs
2122,2022-02-24,Real Betis,Zenit St Petersburg,0,0,knockout-round-playoffs
2122,2022-02-24,Real Sociedad,RB Leipzig,1,3,knockout-round-playoffs
2122,2022-03-09,FC Porto,Lyon,0,1,round-of-16
2122,2022-03-09,Real Betis,Eintracht Frankfurt,1,2,round-of-16
2122,2022-03-10,Atalanta,Bayer Leverkusen,3,2,round-of-16
2122,2022-03-10,Barcelona,Galatasaray,0,0,round-of-16
2122,2022-03-10,Braga,AS Monaco,2,0,round-of-16
2122,2022-03-10,Rangers,Red Star Belgrade,3,0,round-of-16
2122,2022-03-10,Sevilla,West Ham United,1,0,round-of-16
2122,2022-03-17,AS Monaco,Braga,1,1,round-of-16
2122,2022-03-17,Bayer Leverkusen,Atalanta,0,1,round-of-16
2122,2022-03-17,Eintracht Frankfurt,Real Betis,1,1,round-of-16
2122,2022-03-17,Galatasaray,Barcelona,1,2,round-of-16
2122,2022-03-17,Lyon,FC Porto,1,1,round-of-16
2122,2022-03-17,Red Star Belgrade,Rangers,2,1,round-of-16
2122,2022-03-17,West Ham United,Sevilla,2,0,round-of-16
2122,2022-04-07,Braga,Rangers,1,0,quarterfinals
2122,2022-04-07,Eintracht Frankfurt,Barcelona,1,1,quarterfinals
2122,2022-04-07,RB Leipzig,Atalanta,1,1,quarterfinals
2122,2022-04-07,West Ham United,Lyon,1,1,quarterfinals
2122,2022-04-14,Atalanta,RB Leipzig,0,2,quarterfinals
2122,2022-04-14,Barcelona,Eintracht Frankfurt,2,3,quarterfinals
2122,2022-04-14,Lyon,West Ham United,0,3,quarterfinals
2122,2022-04-14,Rangers,Braga,3,1,quarterfinals
2122,2022-04-28,RB Leipzig,Rangers,1,0,semifinals
2122,2022-04-28,West Ham United,Eintracht Frankfurt,1,2,semifinals
2122,2022-05-05,Eintracht Frankfurt,West Ham United,1,0,semifinals
2122,2022-05-05,Rangers,RB Leipzig,3,1,semifinals
2122,2022-05-18,Eintracht Frankfurt,Rangers,1,1,final
2223,2022-09-08,1. FC Union Berlin,Union St.-Gilloise,0,1,group-stage
2223,2022-09-08,AEK Larnaca,Stade Rennais,1,2,group-stage
2223,2022-09-08,FC Zürich,Arsenal,1,2,group-stage
2223,2022-09-08,Fenerbahce,Dynamo Kyiv,2,1,group-stage
2223,2022-09-08,Ferencvaros,Trabzonspor,3,2,group-stage
2223,2022-09-08,HJK Helsinki,Real Betis,0,2,group-stage
2223,2022-09-08,Lazio,Feyenoord Rotterdam,4,2,group-stage
2223,2022-09-08,Ludogorets Razgrad,AS Roma,2,1,group-stage
2223,2022-09-08,Malmö FF,Braga,0,2,group-stage
2223,2022-09-08,Manchester United,Real Sociedad,0,1,group-stage
2223,2022-09-08,Nantes,Olympiacos,2,1,group-stage
2223,2022-09-08,Omonia Nicosia,Sheriff Tiraspol,0,3,group-stage
2223,2022-09-08,PSV Eindhoven,Bodo/Glimt,1,1,group-stage
2223,2022-09-08,Red Star Belgrade,AS Monaco,0,1,group-stage
2223,2022-09-08,SC Freiburg,FK Qarabag,2,1,group-stage
2223,2022-09-08,SK Sturm Graz,FC Midtjylland,1,0,group-stage
2223,2022-09-15,AS Monaco,Ferencvaros,0,1,group-stage
2223,2022-09-15,AS Roma,HJK Helsinki,3,0,group-stage
2223,2022-09-15,Bodo/Glimt,FC Zürich,2,1,group-stage
2223,2022-09-15,Braga,1. FC Union Berlin,1,0,group-stage
2223,2022-09-15,Dynamo Kyiv,AEK Larnaca,0,1,group-stage
2223,2022-09-15,FC Midtjylland,Lazio,5,1,group-stage
2223,2022-09-15,FK Qarabag,Nantes,3,0,group-stage
2223,2022-09-15,Feyenoord Rotterdam,SK Sturm Graz,6,0,group-stage
2223,2022-09-15,Olympiacos,SC Freiburg,0,3,group-stage
2223,2022-09-15,Real Betis,Ludogorets Razgrad,3,2,group-stage
2223,2022-09-15,Real Sociedad,Omonia Nicosia,2,1,group-stage
2223,2022-09-15,Sheriff Tiraspol,Manchester United,0,2,group-stage
2223,2022-09-15,Stade Rennais,Fenerbahce,2,2,group-stage
2223,2022-09-15,Trabzonspor,Red Star Belgrade,2,1,group-stage
2223,2022-09-15,Union St.-Gilloise,Malmö FF,3,2,group-stage
2223,2022-10-06,AS Monaco,Trabzonspor,3,1,group-stage
2223,2022-10-06,AS Roma,Real Betis,1,2,group-stage
2223,2022-10-06,Arsenal,Bodo/Glimt,3,0,group-stage
2223,2022-10-06,Braga,Union St.-Gilloise,1,2,group-stage
2223,2022-10-06,FC Midtjylland,Feyenoord Rotterdam,2,2,group-stage
2223,2022-10-06,FC Zürich,PSV Eindhoven,1,5,group-stage
2223,2022-10-06,Fenerbahce,AEK Larnaca,2,0,group-stage
2223,2022-10-06,HJK Helsinki,Ludogorets Razgrad,1,1,group-stage
2223,2022-10-06,Malmö FF,1. FC Union Berlin,0,1,group-stage
2223,2022-10-06,Olympiacos,FK Qarabag,0,3,group-stage
2223,2022-10-06,Omonia Nicosia,Manchester United,2,3,group-stage
2223,2022-10-06,Red Star Belgrade,Ferencvaros,4,1,group-stage
2223,2022-10-06,SC Freiburg,Nantes,2,0,group-stage
2223,2022-10-06,SK Sturm Graz,Lazio,0,0,group-stage
2223,2022-10-06,Sheriff Tiraspol,Real Sociedad,0,2,group-stage
2223,2022-10-06,Stade Rennais,Dynamo Kyiv,2,1,group-stage
2223,2022-10-13,1. FC Union Berlin,Malmö FF,1,0,group-stage
2223,2022-10-13,AEK Larnaca,Fenerbahce,1,2,group-stage
2223,2022-10-13,Bodo/Glimt,Arsenal,0,1,group-stage
2223,2022-10-13,Dynamo Kyiv,Stade Rennais,0,1,group-stage
2223,2022-10-13,FK Qarabag,Olympiacos,0,0,group-stage
2223,2022-10-13,Ferencvaros,Red Star Belgrade,2,1,group-stage
2223,2022-10-13,Feyenoord Rotterdam,FC Midtjylland,2,2,group-stage
2223,2022-10-13,Lazio,SK Sturm Graz,2,2,group-stage
2223,2022-10-13,Ludogorets Razgrad,HJK Helsinki,2,0,group-stage
2223,2022-10-13,Manchester United,Omonia Nicosia,1,0,group-stage
2223,2022-10-13,Nantes,SC Freiburg,0,4,group-stage
2223,2022-10-13,PSV Eindhoven,FC Zürich,5,0,group-stage
2223,2022-10-13,Real Betis,AS Roma,1,1,group-stage
2223,2022-10-13,Real Sociedad,Sheriff Tiraspol,3,0,group-stage
2223,2022-10-13,Trabzonspor,AS Monaco,4,0,group-stage
2223,2022-10-13,Union St.-Gilloise,Braga,3,3,group-stage
2223,2022-10-20,Arsenal,PSV Eindhoven,1,0,group-stage
2223,2022-10-27,1. FC Union Berlin,Braga,1,0,group-stage
2223,2022-10-27,AEK Larnaca,Dynamo Kyiv,3,3,group-stage
2223,2022-10-27,FC Zürich,Bodo/Glimt,2,1,group-stage
2223,2022-10-27,Fenerbahce,Stade Rennais,3,3,group-stage
2223,2022-10-27,Ferencvaros,AS Monaco,1,1,group-stage
2223,2022-10-27,HJK Helsinki,AS Roma,1,2,group-stage
2223,2022-10-27,Lazio,FC Midtjylland,2,1,group-stage
2223,2022-10-27,Ludogorets Razgrad,Real Betis,0,1,group-stage
2223,2022-10-27,Malmö FF,Union St.-Gilloise,0,2,group-stage
2223,2022-10-27,Manchester United,Sheriff Tiraspol,3,0,group-stage
2223,2022-10-27,Nantes,FK Qarabag,2,1,group-stage
2223,2022-10-27,Omonia Nicosia,Real Sociedad,0,2,group-stage
2223,2022-10-27,PSV Eindhoven,Arsenal,2,0,group-stage
2223,2022-10-27,Red Star Belgrade,Trabzonspor,2,1,group-stage
2223,2022-10-27,SC Freiburg,Olympiacos,1,1,group-stage
2223,2022-10-27,SK Sturm Graz,Feyenoord Rotterdam,1,0,group-stage
2223,2022-11-03,AS Monaco,Red Star Belgrade,4,1,group-stage
2223,2022-11-03,AS Roma,Ludogorets Razgrad,3,1,group-stage
2223,2022-11-03,Arsenal,FC Zürich,1,0,group-stage
2223,2022-11-03,Bodo/Glimt,PSV Eindhoven,1,2,group-stage
2223,2022-11-03,Braga,Malmö FF,2,1,group-stage
2223,2022-11-03,Dynamo Kyiv,Fenerbahce,0,2,group-stage
2223,2022-11-03,FC Midtjylland,SK Sturm Graz,2,0,group-stage
2223,2022-11-03,FK Qarabag,SC Freiburg,1,1,group-stage
2223,2022-11-03,Feyenoord Rotterdam,Lazio,1,0,group-stage
2223,2022-11-03,Olympiacos,Nantes,0,2,group-stage
2223,2022-11-03,Real Betis,HJK Helsinki,3,0,group-stage
2223,2022-11-03,Real Sociedad,Manchester United,0,1,group-stage
2223,2022-11-03,Sheriff Tiraspol,Omonia Nicosia,1,0,group-stage
2223,2022-11-03,Stade Rennais,AEK Larnaca,1,1,group-stage
2223,2022-11-03,Trabzonspor,Ferencvaros,1,0,group-stage
2223,2022-11-03,Union St.-Gilloise,1. FC Union Berlin,0,1,group-stage
2223,2023-02-16,Ajax Amsterdam,1. FC Union Berlin,0,0,knockout-round-playoffs
2223,2023-02-16,Barcelona,Manchester United,2,2,knockout-round-playoffs
2223,2023-02-16,Bayer Leverkusen,AS Monaco,2,3,knockout-round-playoffs
2223,2023-02-16,Juventus,Nantes,1,1,knockout-round-playoffs
2223,2023-02-16,RB Salzburg,AS Roma,1,0,knockout-round-playoffs
2223,2023-02-16,Sevilla,PSV Eindhoven,3,0,knockout-round-playoffs
2223,2023-02-16,Shakhtar Donetsk,Stade Rennais,2,1,knockout-round-playoffs
2223,2023-02-16,Sporting CP,FC Midtjylland,1,1,knockout-round-playoffs
2223,2023-02-23,1. FC Union Berlin,Ajax Amsterdam,3,1,knockout-round-playoffs
2223,2023-02-23,AS Monaco,Bayer Leverkusen,2,3,knockout-round-playoffs
2223,2023-02-23,AS Roma,RB Salzburg,2,0,knockout-round-playoffs
2223,2023-02-23,FC Midtjylland,Sporting CP,0,4,knockout-round-playoffs
2223,2023-02-23,Manchester United,Barcelona,2,1,knockout-round-playoffs
2223,2023-02-23,Nantes,Juventus,0,3,knockout-round-playoffs
2223,2023-02-23,PSV Eindhoven,Sevilla,2,0,knockout-round-playoffs
2223,2023-02-23,Stade Rennais,Shakhtar Donetsk,2,1,knockout-round-playoffs
2223,2023-03-09,1. FC Union Berlin,Union St.-Gilloise,3,3,round-of-16
2223,2023-03-09,AS Roma,Real Sociedad,2,0,round-of-16
2223,2023-03-09,Bayer Leverkusen,Ferencvaros,2,0,round-of-16
2223,2023-03-09,Juventus,SC Freiburg,1,0,round-of-16
2223,2023-03-09,Manchester United,Real Betis,4,1,round-of-16
2223,2023-03-09,Sevilla,Fenerbahce,2,0,round-of-16
2223,2023-03-09,Shakhtar Donetsk,Feyenoord Rotterdam,1,1,round-of-16
2223,2023-03-09,Sporting CP,Arsenal,2,2,round-of-16
2223,2023-03-16,Arsenal,Sporting CP,1,1,round-of-16
2223,2023-03-16,Fenerbahce,Sevilla,1,0,round-of-16
2223,2023-03-16,Ferencvaros,Bayer Leverkusen,0,2,round-of-16
2223,2023-03-16,Feyenoord Rotterdam,Shakhtar Donetsk,7,1,round-of-16
2223,2023-03-16,Real Betis,Manchester United,0,1,round-of-16
2223,2023-03-16,Real Sociedad,AS Roma,0,0,round-of-16
2223,2023-03-16,SC Freiburg,Juventus,0,2,round-of-16
2223,2023-03-16,Union St.-Gilloise,1. FC Union Berlin,3,0,round-of-16
2223,2023-04-13,Bayer Leverkusen,Union St.-Gilloise,1,1,quarterfinals
2223,2023-04-13,Feyenoord Rotterdam,AS Roma,1,0,quarterfinals
2223,2023-04-13,Juventus,Sporting CP,1,0,quarterfinals
2223,2023-04-13,Manchester United,Sevilla,2,2,quarterfinals
2223,2023-04-20,AS Roma,Feyenoord Rotterdam,4,1,quarterfinals
2223,2023-04-20,Sevilla,Manchester United,3,0,quarterfinals
2223,2023-04-20,Sporting CP,Juventus,1,1,quarterfinals
2223,2023-04-20,Union St.-Gilloise,Bayer Leverkusen,1,4,quarterfinals
2223,2023-05-11,AS Roma,Bayer Leverkusen,1,0,semifinals
2223,2023-05-11,Juventus,Sevilla,1,1,semifinals
2223,2023-05-18,Bayer Leverkusen,AS Roma,0,0,semifinals
2223,2023-05-18,Sevilla,Juventus,2,1,semifinals
2223,2023-05-31,Sevilla,AS Roma,1,1,final
2324,2023-09-21,Ajax Amsterdam,Marseille,3,3,group-stage
2324,2023-09-21,Atalanta,Raków Czestochowa,2,0,group-stage
2324,2023-09-21,Bayer Leverkusen,BK Häcken,4,0,group-stage
2324,2023-09-21,Brighton & Hove Albion,AEK Athens,2,3,group-stage
2324,2023-09-21,FK Qarabag,Molde,1,0,group-stage
2324,2023-09-21,LASK Linz,Liverpool,1,3,group-stage
2324,2023-09-21,Olympiacos,SC Freiburg,2,3,group-stage
2324,2023-09-21,Panathinaikos,Villarreal,2,0,group-stage
2324,2023-09-21,Rangers,Real Betis,1,0,group-stage
2324,2023-09-21,SK Sturm Graz,Sporting CP,1,2,group-stage
2324,2023-09-21,Servette,Slavia Prague,0,2,group-stage
2324,2023-09-21,Sheriff Tiraspol,AS Roma,1,2,group-stage
2324,2023-09-21,Sparta Prague,Aris Limassol,3,2,group-stage
2324,2023-09-21,Stade Rennais,Maccabi Haifa,3,0,group-stage
2324,2023-09-21,Union St.-Gilloise,Toulouse,1,1,group-stage
2324,2023-09-21,West Ham United,FK TSC,3,1,group-stage
2324,2023-10-05,AEK Athens,Ajax Amsterdam,1,1,group-stage
2324,2023-10-05,AS Roma,Servette,4,0,group-stage
2324,2023-10-05,Aris Limassol,Rangers,2,1,group-stage
2324,2023-10-05,BK Häcken,FK Qarabag,0,1,group-stage
2324,2023-10-05,FK TSC,Olympiacos,2,2,group-stage
2324,2023-10-05,Liverpool,Union St.-Gilloise,2,0,group-stage
2324,2023-10-05,Maccabi Haifa,Panathinaikos,0,0,group-stage
2324,2023-10-05,Marseille,Brighton & Hove Albion,2,2,group-stage
2324,2023-10-05,Molde,Bayer Leverkusen,1,2,group-stage
2324,2023-10-05,Raków Czestochowa,SK Sturm Graz,0,1,group-stage
2324,2023-10-05,Real Betis,Sparta Prague,2,1,group-stage
2324,2023-10-05,SC Freiburg,West Ham United,1,2,group-stage
2324,2023-10-05,Slavia Prague,Sheriff Tiraspol,6,0,group-stage
2324,2023-10-05,Sporting CP,Atalanta,1,2,group-stage
2324,2023-10-05,Toulouse,LASK Linz,1,0,group-stage
2324,2023-10-05,Villarreal,Stade Rennais,1,0,group-stage
2324,2023-10-26,AS Roma,Slavia Prague,2,0,group-stage
2324,2023-10-26,Aris Limassol,Real Betis,0,1,group-stage
2324,2023-10-26,Bayer Leverkusen,FK Qarabag,5,1,group-stage
2324,2023-10-26,Brighton & Hove Albion,Ajax Amsterdam,2,0,group-stage
2324,2023-10-26,FK TSC,SC Freiburg,1,3,group-stage
2324,2023-10-26,Liverpool,Toulouse,5,1,group-stage
2324,2023-10-26,Marseille,AEK Athens,3,1,group-stage
2324,2023-10-26,Molde,BK Häcken,5,1,group-stage
2324,2023-10-26,Olympiacos,West Ham United,2,1,group-stage
2324,2023-10-26,Panathinaikos,Stade Rennais,1,2,group-stage
2324,2023-10-26,Raków Czestochowa,Sporting CP,1,1,group-stage
2324,2023-10-26,SK Sturm Graz,Atalanta,2,2,group-stage
2324,2023-10-26,Sheriff Tiraspol,Servette,1,1,group-stage
2324,2023-10-26,Sparta Prague,Rangers,0,0,group-stage
2324,2023-10-26,Union St.-Gilloise,LASK Linz,2,1,group-stage
2324,2023-11-09,AEK Athens,Marseille,0,2,group-stage
2324,2023-11-09,Ajax Amsterdam,Brighton & Hove Albion,0,2,group-stage
2324,2023-11-09,Atalanta,SK Sturm Graz,1,0,group-stage
2324,2023-11-09,BK Häcken,Molde,1,3,group-stage
2324,2023-11-09,FK Qarabag,Bayer Leverkusen,0,1,group-stage
2324,2023-11-09,LASK Linz,Union St.-Gilloise,3,0,group-stage
2324,2023-11-09,Maccabi Haifa,Villarreal,1,2,group-stage
2324,2023-11-09,Rangers,Sparta Prague,2,1,group-stage
2324,2023-11-09,Real Betis,Aris Limassol,4,1,group-stage
2324,2023-11-09,SC Freiburg,FK TSC,5,0,group-stage
2324,2023-11-09,Servette,Sheriff Tiraspol,2,1,group-stage
2324,2023-11-09,Slavia Prague,AS Roma,2,0,group-stage
2324,2023-11-09,Sporting CP,Raków Czestochowa,2,1,group-stage
2324,2023-11-09,Stade Rennais,Panathinaikos,3,1,group-stage
2324,2023-11-09,Toulouse,Liverpool,3,2,group-stage
2324,2023-11-09,West Ham United,Olympiacos,1,0,group-stage
2324,2023-11-30,AEK Athens,Brighton & Hove Albion,0,1,group-stage
2324,2023-11-30,Atalanta,Sporting CP,1,1,group-stage
2324,2023-11-30,BK Häcken,Bayer Leverkusen,0,2,group-stage
2324,2023-11-30,FK TSC,West Ham United,0,1,group-stage
2324,2023-11-30,Liverpool,LASK Linz,4,0,group-stage
2324,2023-11-30,Maccabi Haifa,Stade Rennais,0,3,group-stage
2324,2023-11-30,Marseille,Ajax Amsterdam,4,3,group-stage
2324,2023-11-30,Molde,FK Qarabag,2,2,group-stage
2324,2023-11-30,Rangers,Aris Limassol,1,1,group-stage
2324,2023-11-30,SC Freiburg,Olympiacos,5,0,group-stage
2324,2023-11-30,SK Sturm Graz,Raków Czestochowa,0,1,group-stage
2324,2023-11-30,Servette,AS Roma,1,1,group-stage
2324,2023-11-30,Sheriff Tiraspol,Slavia Prague,2,3,group-stage
2324,2023-11-30,Sparta Prague,Real Betis,1,0,group-stage
2324,2023-11-30,Toulouse,Union St.-Gilloise,0,0,group-stage
2324,2023-11-30,Villarreal,Panathinaikos,3,2,group-stage
2324,2023-12-06,Villarreal,Maccabi Haifa,0,0,group-stage
2324,2023-12-14,AS Roma,Sheriff Tiraspol,3,0,group-stage
2324,2023-12-14,Ajax Amsterdam,AEK Athens,3,1,group-stage
2324,2023-12-14,Aris Limassol,Sparta Prague,1,3,group-stage
2324,2023-12-14,Bayer Leverkusen,Molde,5,1,group-stage
2324,2023-12-14,Brighton & Hove Albion,Marseille,1,0,group-stage
2324,2023-12-14,FK Qarabag,BK Häcken,2,1,group-stage
2324,2023-12-14,LASK Linz,Toulouse,1,2,group-stage
2324,2023-12-14,Olympiacos,FK TSC,5,2,group-stage
2324,2023-12-14,Panathinaikos,Maccabi Haifa,1,2,group-stage
2324,2023-12-14,Raków Czestochowa,Atalanta,0,4,group-stage
2324,2023-12-14,Real Betis,Rangers,2,3,group-stage
2324,2023-12-14,Slavia Prague,Servette,4,0,group-stage
2324,2023-12-14,Sporting CP,SK Sturm Graz,3,0,group-stage
2324,2023-12-14,Stade Rennais,Villarreal,2,3,group-stage
2324,2023-12-14,Union St.-Gilloise,Liverpool,2,1,group-stage
2324,2023-12-14,West Ham United,SC Freiburg,2,0,group-stage
2324,2024-02-15,AC Milan,Stade Rennais,3,0,knockout-round-playoffs
2324,2024-02-15,Benfica,Toulouse,2,1,knockout-round-playoffs
2324,2024-02-15,Braga,FK Qarabag,2,4,knockout-round-playoffs
2324,2024-02-15,Feyenoord Rotterdam,AS Roma,1,1,knockout-round-playoffs
2324,2024-02-15,Galatasaray,Sparta Prague,3,2,knockout-round-playoffs
2324,2024-02-15,Lens,SC Freiburg,0,0,knockout-round-playoffs
2324,2024-02-15,Shakhtar Donetsk,Marseille,2,2,knockout-round-playoffs
2324,2024-02-15,Young Boys,Sporting CP,1,3,knockout-round-playoffs
2324,2024-02-22,AS Roma,Feyenoord Rotterdam,1,1,knockout-round-playoffs
2324,2024-02-22,FK Qarabag,Braga,2,3,knockout-round-playoffs
2324,2024-02-22,Marseille,Shakhtar Donetsk,3,1,knockout-round-playoffs
2324,2024-02-22,SC Freiburg,Lens,3,2,knockout-round-playoffs
2324,2024-02-22,Sparta Prague,Galatasaray,4,1,knockout-round-playoffs
2324,2024-02-22,Sporting CP,Young Boys,1,1,knockout-round-playoffs
2324,2024-02-22,Stade Rennais,AC Milan,3,2,knockout-round-playoffs
2324,2024-02-22,Toulouse,Benfica,0,0,knockout-round-playoffs
2324,2024-03-06,Sporting CP,Atalanta,1,1,round-of-16
2324,2024-03-07,AC Milan,Slavia Prague,4,2,round-of-16
2324,2024-03-07,AS Roma,Brighton & Hove Albion,4,0,round-of-16
2324,2024-03-07,Benfica,Rangers,2,2,round-of-16
2324,2024-03-07,FK Qarabag,Bayer Leverkusen,2,2,round-of-16
2324,2024-03-07,Marseille,Villarreal,4,0,round-of-16
2324,2024-03-07,SC Freiburg,West Ham United,1,0,round-of-16
2324,2024-03-07,Sparta Prague,Liverpool,1,5,round-of-16
2324,2024-03-14,Atalanta,Sporting CP,2,1,round-of-16
2324,2024-03-14,Bayer Leverkusen,FK Qarabag,3,2,round-of-16
2324,2024-03-14,Brighton & Hove Albion,AS Roma,1,0,round-of-16
2324,2024-03-14,Liverpool,Sparta Prague,6,1,round-of-16
2324,2024-03-14,Rangers,Benfica,0,1,round-of-16
2324,2024-03-14,Slavia Prague,AC Milan,1,3,round-of-16
2324,2024-03-14,Villarreal,Marseille,3,1,round-of-16
2324,2024-03-14,West Ham United,SC Freiburg,5,0,round-of-16
2324,2024-04-11,AC Milan,AS Roma,0,1,quarterfinals
2324,2024-04-11,Bayer Leverkusen,West Ham United,2,0,quarterfinals
2324,2024-04-11,Benfica,Marseille,2,1,quarterfinals
2324,2024-04-11,Liverpool,Atalanta,0,3,quarterfinals
2324,2024-04-18,AS Roma,AC Milan,2,1,quarterfinals
2324,2024-04-18,Atalanta,Liverpool,0,1,quarterfinals
2324,2024-04-18,Marseille,Benfica,1,0,quarterfinals
2324,2024-04-18,West Ham United,Bayer Leverkusen,1,1,quarterfinals
2324,2024-05-02,AS Roma,Bayer Leverkusen,0,2,semifinals
2324,2024-05-02,Marseille,Atalanta,1,1,semifinals
2324,2024-05-09,Atalanta,Marseille,3,0,semifinals
2324,2024-05-09,Bayer Leverkusen,AS Roma,2,2,semifinals
2324,2024-05-22,Atalanta,Bayer Leverkusen,3,0,final
2425,2024-09-25,AZ Alkmaar,IF Elfsborg,3,2,league-phase
2425,2024-09-25,Anderlecht,Ferencvaros,2,1,league-phase
2425,2024-09-25,Bodo/Glimt,FC Porto,3,2,league-phase
2425,2024-09-25,Dynamo Kyiv,Lazio,0,3,league-phase
2425,2024-09-25,FC Midtjylland,TSG Hoffenheim,1,1,league-phase
2425,2024-09-25,Galatasaray,PAOK,3,1,league-phase
2425,2024-09-25,Ludogorets Razgrad,Slavia Prague,0,2,league-phase
2425,2024-09-25,Manchester United,FC Twente,1,1,league-phase
2425,2024-09-25,Nice,Real Sociedad,1,1,league-phase
2425,2024-09-26,AS Roma,Athletic Club,1,1,league-phase
2425,2024-09-26,Ajax Amsterdam,Besiktas,4,0,league-phase
2425,2024-09-26,Braga,Maccabi Tel-Aviv,2,1,league-phase
2425,2024-09-26,Eintracht Frankfurt,Viktoria Plzen,3,3,league-phase
2425,2024-09-26,FCSB,Rigas Futbola Skola,4,1,league-phase
2425,2024-09-26,Fenerbahce,Union St.-Gilloise,2,1,league-phase
2425,2024-09-26,Lyon,Olympiacos,2,0,league-phase
2425,2024-09-26,Malmö FF,Rangers,0,2,league-phase
2425,2024-09-26,Tottenham Hotspur,FK Qarabag,3,0,league-phase
2425,2024-10-03,Athletic Club,AZ Alkmaar,2,0,league-phase
2425,2024-10-03,Besiktas,Eintracht Frankfurt,1,3,league-phase
2425,2024-10-03,FC Porto,Manchester United,3,3,league-phase
2425,2024-10-03,FC Twente,Fenerbahce,1,1,league-phase
2425,2024-10-03,FK Qarabag,Malmö FF,1,2,league-phase
2425,2024-10-03,Ferencvaros,Tottenham Hotspur,1,2,league-phase
2425,2024-10-03,IF Elfsborg,AS Roma,1,0,league-phase
2425,2024-10-03,Lazio,Nice,4,1,league-phase
2425,2024-10-03,Maccabi Tel-Aviv,FC Midtjylland,0,2,league-phase
2425,2024-10-03,Olympiacos,Braga,3,0,league-phase
2425,2024-10-03,PAOK,FCSB,0,1,league-phase
2425,2024-10-03,Rangers,Lyon,1,4,league-phase
2425,2024-10-03,Real Sociedad,Anderlecht,1,2,league-phase
2425,2024-10-03,Rigas Futbola Skola,Galatasaray,2,2,league-phase
2425,2024-10-03,Slavia Prague,Ajax Amsterdam,1,1,league-phase
2425,2024-10-03,TSG Hoffenheim,Dynamo Kyiv,2,0,league-phase
2425,2024-10-03,Union St.-Gilloise,Bodo/Glimt,0,0,league-phase
2425,2024-10-03,Viktoria Plzen,Ludogorets Razgrad,0,0,league-phase
2425,2024-10-23,Braga,Bodo/Glimt,1,2,league-phase
2425,2024-10-23,Galatasaray,IF Elfsborg,4,3,league-phase
2425,2024-10-24,AS Roma,Dynamo Kyiv,1,0,league-phase
2425,2024-10-24,Anderlecht,Ludogorets Razgrad,2,0,league-phase
2425,2024-10-24,Athletic Club,Slavia Prague,1,0,league-phase
2425,2024-10-24,Eintracht Frankfurt,Rigas Futbola Skola,1,0,league-phase
2425,2024-10-24,FC Midtjylland,Union St.-Gilloise,1,0,league-phase
2425,2024-10-24,FC Porto,TSG Hoffenheim,2,0,league-phase
2425,2024-10-24,FC Twente,Lazio,0,2,league-phase
2425,2024-10-24,FK Qarabag,Ajax Amsterdam,0,3,league-phase
2425,2024-10-24,Fenerbahce,Manchester United,1,1,league-phase
2425,2024-10-24,Ferencvaros,Nice,1,0,league-phase
2425,2024-10-24,Lyon,Besiktas,0,1,league-phase
2425,2024-10-24,Maccabi Tel-Aviv,Real Sociedad,1,2,league-phase
2425,2024-10-24,Malmö FF,Olympiacos,0,1,league-phase
2425,2024-10-24,PAOK,Viktoria Plzen,2,2,league-phase
2425,2024-10-24,Rangers,FCSB,4,0,league-phase
2425,2024-10-24,Tottenham Hotspur,AZ Alkmaar,1,0,league-phase
2425,2024-11-06,Besiktas,Malmö FF,2,1,league-phase
2425,2024-11-07,AZ Alkmaar,Fenerbahce,3,1,league-phase
2425,2024-11-07,Ajax Amsterdam,Maccabi Tel-Aviv,5,0,league-phase
2425,2024-11-07,Bodo/Glimt,FK Qarabag,1,2,league-phase
2425,2024-11-07,Dynamo Kyiv,Ferencvaros,0,4,league-phase
2425,2024-11-07,Eintracht Frankfurt,Slavia Prague,1,0,league-phase
2425,2024-11-07,FCSB,FC Midtjylland,2,0,league-phase
2425,2024-11-07,Galatasaray,Tottenham Hotspur,3,2,league-phase
2425,2024-11-07,IF Elfsborg,Braga,1,1,league-phase
2425,2024-11-07,Lazio,FC Porto,2,1,league-phase
2425,2024-11-07,Ludogorets Razgrad,Athletic Club,1,2,league-phase
2425,2024-11-07,Manchester United,PAOK,2,0,league-phase
2425,2024-11-07,Nice,FC Twente,2,2,league-phase
2425,2024-11-07,Olympiacos,Rangers,1,1,league-phase
2425,2024-11-07,Rigas Futbola Skola,Anderlecht,1,1,league-phase
2425,2024-11-07,TSG Hoffenheim,Lyon,2,2,league-phase
2425,2024-11-07,Union St.-Gilloise,AS Roma,1,1,league-phase
2425,2024-11-07,Viktoria Plzen,Real Sociedad,2,1,league-phase
2425,2024-11-28,AZ Alkmaar,Galatasaray,1,1,league-phase
2425,2024-11-28,Anderlecht,FC Porto,2,2,league-phase
2425,2024-11-28,Athletic Club,IF Elfsborg,3,0,league-phase
2425,2024-11-28,Besiktas,Maccabi Tel-Aviv,1,3,league-phase
2425,2024-11-28,Braga,TSG Hoffenheim,3,0,league-phase
2425,2024-11-28,Dynamo Kyiv,Viktoria Plzen,1,2,league-phase
2425,2024-11-28,FC Midtjylland,Eintracht Frankfurt,1,2,league-phase
2425,2024-11-28,FC Twente,Union St.-Gilloise,0,1,league-phase
2425,2024-11-28,FCSB,Olympiacos,0,0,league-phase
2425,2024-11-28,FK Qarabag,Lyon,1,4,league-phase
2425,2024-11-28,Ferencvaros,Malmö FF,4,1,league-phase
2425,2024-11-28,Lazio,Ludogorets Razgrad,0,0,league-phase
2425,2024-11-28,Manchester United,Bodo/Glimt,3,2,league-phase
2425,2024-11-28,Nice,Rangers,1,4,league-phase
2425,2024-11-28,Real Sociedad,Ajax Amsterdam,2,0,league-phase
2425,2024-11-28,Rigas Futbola Skola,PAOK,0,2,league-phase
2425,2024-11-28,Slavia Prague,Fenerbahce,1,2,league-phase
2425,2024-11-28,Tottenham Hotspur,AS Roma,2,2,league-phase
2425,2024-12-11,Fenerbahce,Athletic Club,0,2,league-phase
2425,2024-12-12,AS Roma,Braga,3,0,league-phase
2425,2024-12-12,Ajax Amsterdam,Lazio,1,3,league-phase
2425,2024-12-12,Bodo/Glimt,Besiktas,2,1,league-phase
2425,2024-12-12,FC Porto,FC Midtjylland,2,0,league-phase
2425,2024-12-12,IF Elfsborg,FK Qarabag,1,0,league-phase
2425,2024-12-12,Ludogorets Razgrad,AZ Alkmaar,2,2,league-phase
2425,2024-12-12,Lyon,Eintracht Frankfurt,3,2,league-phase
2425,2024-12-12,Maccabi Tel-Aviv,Rigas Futbola Skola,2,1,league-phase
2425,2024-12-12,Malmö FF,Galatasaray,2,2,league-phase
2425,2024-12-12,Olympiacos,FC Twente,0,0,league-phase
2425,2024-12-12,PAOK,Ferencvaros,5,0,league-phase
2425,2024-12-12,Rangers,Tottenham Hotspur,1,1,league-phase
2425,2024-12-12,Real Sociedad,Dynamo Kyiv,3,0,league-phase
2425,2024-12-12,Slavia Prague,Anderlecht,1,2,league-phase
2425,2024-12-12,TSG Hoffenheim,FCSB,0,0,league-phase
2425,2024-12-12,Union St.-Gilloise,Nice,2,1,league-phase
2425,2024-12-12,Viktoria Plzen,Manchester United,1,2,league-phase
2425,2025-01-21,Galatasaray,Dynamo Kyiv,3,3,league-phase
2425,2025-01-22,Besiktas,Athletic Club,4,1,league-phase
2425,2025-01-23,AZ Alkmaar,AS Roma,1,0,league-phase
2425,2025-01-23,Bodo/Glimt,Maccabi Tel-Aviv,3,1,league-phase
2425,2025-01-23,Eintracht Frankfurt,Ferencvaros,2,0,league-phase
2425,2025-01-23,FC Porto,Olympiacos,0,1,league-phase
2425,2025-01-23,FK Qarabag,FCSB,2,3,league-phase
2425,2025-01-23,Fenerbahce,Lyon,0,0,league-phase
2425,2025-01-23,IF Elfsborg,Nice,1,0,league-phase
2425,2025-01-23,Lazio,Real Sociedad,3,1,league-phase
2425,2025-01-23,Ludogorets Razgrad,FC Midtjylland,0,2,league-phase
2425,2025-01-23,Malmö FF,FC Twente,2,3,league-phase
2425,2025-01-23,Manchester United,Rangers,2,1,league-phase
2425,2025-01-23,PAOK,Slavia Prague,2,0,league-phase
2425,2025-01-23,Rigas Futbola Skola,Ajax Amsterdam,1,0,league-phase
2425,2025-01-23,TSG Hoffenheim,Tottenham Hotspur,2,3,league-phase
2425,2025-01-23,Union St.-Gilloise,Braga,2,1,league-phase
2425,2025-01-23,Viktoria Plzen,Anderlecht,2,0,league-phase
2425,2025-01-30,AS Roma,Eintracht Frankfurt,2,0,league-phase
2425,2025-01-30,Ajax Amsterdam,Galatasaray,2,1,league-phase
2425,2025-01-30,Anderlecht,TSG Hoffenheim,3,4,league-phase
2425,2025-01-30,Athletic Club,Viktoria Plzen,3,1,league-phase
2425,2025-01-30,Braga,Lazio,1,0,league-phase
2425,2025-01-30,Dynamo Kyiv,Rigas Futbola Skola,1,0,league-phase
2425,2025-01-30,FC Midtjylland,Fenerbahce,2,2,league-phase
2425,2025-01-30,FC Twente,Besiktas,1,0,league-phase
2425,2025-01-30,FCSB,Manchester United,0,2,league-phase
2425,2025-01-30,Ferencvaros,AZ Alkmaar,4,3,league-phase
2425,2025-01-30,Lyon,Ludogorets Razgrad,1,1,league-phase
2425,2025-01-30,Maccabi Tel-Aviv,FC Porto,0,1,league-phase
2425,2025-01-30,Nice,Bodo/Glimt,1,1,league-phase
2425,2025-01-30,Olympiacos,FK Qarabag,3,0,league-phase
2425,2025-01-30,Rangers,Union St.-Gilloise,2,1,league-phase
2425,2025-01-30,Real Sociedad,PAOK,2,0,league-phase
2425,2025-01-30,Slavia Prague,Malmö FF,2,2,league-phase
2425,2025-01-30,Tottenham Hotspur,IF Elfsborg,3,0,league-phase
2425,2025-02-13,AZ Alkmaar,Galatasaray,4,1,knockout-round-playoffs
2425,2025-02-13,FC Midtjylland,Real Sociedad,1,2,knockout-round-playoffs
2425,2025-02-13,FC Porto,AS Roma,1,1,knockout-round-playoffs
2425,2025-02-13,FC Twente,Bodo/Glimt,2,1,knockout-round-playoffs
2425,2025-02-13,Fenerbahce,Anderlecht,3,0,knockout-round-playoffs
2425,2025-02-13,Ferencvaros,Viktoria Plzen,1,0,knockout-round-playoffs
2425,2025-02-13,PAOK,FCSB,1,2,knockout-round-playoffs
2425,2025-02-13,Union St.-Gilloise,Ajax Amsterdam,0,2,knockout-round-playoffs
2425,2025-02-20,AS Roma,FC Porto,3,2,knockout-round-playoffs
2425,2025-02-20,Ajax Amsterdam,Union St.-Gilloise,1,2,knockout-round-playoffs
2425,2025-02-20,Anderlecht,Fenerbahce,2,2,knockout-round-playoffs
2425,2025-02-20,Bodo/Glimt,FC Twente,5,2,knockout-round-playoffs
2425,2025-02-20,FCSB,PAOK,2,0,knockout-round-playoffs
2425,2025-02-20,Galatasaray,AZ Alkmaar,2,2,knockout-round-playoffs
2425,2025-02-20,Real Sociedad,FC Midtjylland,5,2,knockout-round-playoffs
2425,2025-02-20,Viktoria Plzen,Ferencvaros,3,0,knockout-round-playoffs
2425,2025-03-06,AS Roma,Athletic Club,2,1,round-of-16
2425,2025-03-06,AZ Alkmaar,Tottenham Hotspur,1,0,round-of-16
2425,2025-03-06,Ajax Amsterdam,Eintracht Frankfurt,1,2,round-of-16
2425,2025-03-06,Bodo/Glimt,Olympiacos,3,0,round-of-16
2425,2025-03-06,FCSB,Lyon,1,3,round-of-16
2425,2025-03-06,Fenerbahce,Rangers,1,3,round-of-16
2425,2025-03-06,Real Sociedad,Manchester United,1,1,round-of-16
2425,2025-03-06,Viktoria Plzen,Lazio,1,2,round-of-16
2425,2025-03-13,Athletic Club,AS Roma,3,1,round-of-16
2425,2025-03-13,Eintracht Frankfurt,Ajax Amsterdam,4,1,round-of-16
2425,2025-03-13,Lazio,Viktoria Plzen,1,1,round-of-16
2425,2025-03-13,Lyon,FCSB,4,0,round-of-16
2425,2025-03-13,Manchester United,Real Sociedad,4,1,round-of-16
2425,2025-03-13,Olympiacos,Bodo/Glimt,2,1,round-of-16
2425,2025-03-13,Rangers,Fenerbahce,0,2,round-of-16
2425,2025-03-13,Tottenham Hotspur,AZ Alkmaar,3,1,round-of-16
2425,2025-04-10,Bodo/Glimt,Lazio,2,0,quarterfinals
2425,2025-04-10,Lyon,Manchester United,2,2,quarterfinals
2425,2025-04-10,Rangers,Athletic Club,0,0,quarterfinals
2425,2025-04-10,Tottenham Hotspur,Eintracht Frankfurt,1,1,quarterfinals
2425,2025-04-17,Athletic Club,Rangers,2,0,quarterfinals
2425,2025-04-17,Eintracht Frankfurt,Tottenham Hotspur,0,1,quarterfinals
2425,2025-04-17,Lazio,Bodo/Glimt,3,1,quarterfinals
2425,2025-04-17,Manchester United,Lyon,5,4,quarterfinals
2425,2025-05-01,Athletic Club,Manchester United,0,3,semifinals
2425,2025-05-01,Tottenham Hotspur,Bodo/Glimt,3,1,semifinals
2425,2025-05-08,Bodo/Glimt,Tottenham Hotspur,0,2,semifinals
2425,2025-05-08,Manchester United,Athletic Club,4,1,semifinals
2425,2025-05-21,Tottenham Hotspur,Manchester United,1,0,final
2526,2025-09-24,Braga,Feyenoord Rotterdam,1,0,league-phase
2526,2025-09-24,Dinamo Zagreb,Fenerbahce,3,1,league-phase
2526,2025-09-24,FC Midtjylland,SK Sturm Graz,2,0,league-phase
2526,2025-09-24,Malmö FF,Ludogorets Razgrad,1,2,league-phase
2526,2025-09-24,Nice,AS Roma,1,2,league-phase
2526,2025-09-24,PAOK,Maccabi Tel-Aviv,0,0,league-phase
2526,2025-09-24,Real Betis,Nottingham Forest,2,2,league-phase
2526,2025-09-24,Red Star Belgrade,Celtic,1,1,league-phase
2526,2025-09-24,SC Freiburg,FC Basel,2,1,league-phase
2526,2025-09-25,Aston Villa,Bologna,1,0,league-phase
2526,2025-09-25,FC Utrecht,Lyon,0,1,league-phase
2526,2025-09-25,Ferencvaros,Viktoria Plzen,1,1,league-phase
2526,2025-09-25,Go Ahead Eagles,FCSB,0,1,league-phase
2526,2025-09-25,Lille,SK Brann,2,1,league-phase
2526,2025-09-25,RB Salzburg,FC Porto,0,1,league-phase
2526,2025-09-25,Rangers,Racing Genk,0,1,league-phase
2526,2025-09-25,VfB Stuttgart,Celta Vigo,2,1,league-phase
2526,2025-09-25,Young Boys,Panathinaikos,1,4,league-phase
2526,2025-10-02,AS Roma,Lille,0,1,league-phase
2526,2025-10-02,Bologna,SC Freiburg,1,1,league-phase
2526,2025-10-02,Celta Vigo,PAOK,3,1,league-phase
2526,2025-10-02,Celtic,Braga,0,2,league-phase
2526,2025-10-02,FC Basel,VfB Stuttgart,2,0,league-phase
2526,2025-10-02,FC Porto,Red Star Belgrade,2,1,league-phase
2526,2025-10-02,FCSB,Young Boys,0,2,league-phase
2526,2025-10-02,Fenerbahce,Nice,2,1,league-phase
2526,2025-10-02,Feyenoord Rotterdam,Aston Villa,0,2,league-phase
2526,2025-10-02,Ludogorets Razgrad,Real Betis,0,2,league-phase
2526,2025-10-02,Lyon,RB Salzburg,2,0,league-phase
2526,2025-10-02,Maccabi Tel-Aviv,Dinamo Zagreb,1,3,league-phase
2526,2025-10-02,Nottingham Forest,FC Midtjylland,2,3,league-phase
2526,2025-10-02,Panathinaikos,Go Ahead Eagles,1,2,league-phase
2526,2025-10-02,Racing Genk,Ferencvaros,0,1,league-phase
2526,2025-10-02,SK Brann,FC Utrecht,1,0,league-phase
2526,2025-10-02,SK Sturm Graz,Rangers,2,1,league-phase
2526,2025-10-02,Viktoria Plzen,Malmö FF,3,0,league-phase
2526,2025-10-23,AS Roma,Viktoria Plzen,1,2,league-phase
2526,2025-10-23,Braga,Red Star Belgrade,2,0,league-phase
2526,2025-10-23,Celta Vigo,Nice,2,1,league-phase
2526,2025-10-23,Celtic,SK Sturm Graz,2,1,league-phase
2526,2025-10-23,FCSB,Bologna,1,2,league-phase
2526,2025-10-23,Fenerbahce,VfB Stuttgart,1,0,league-phase
2526,2025-10-23,Feyenoord Rotterdam,Panathinaikos,3,1,league-phase
2526,2025-10-23,Go Ahead Eagles,Aston Villa,2,1,league-phase
2526,2025-10-23,Lille,PAOK,3,4,league-phase
2526,2025-10-23,Lyon,FC Basel,2,0,league-phase
2526,2025-10-23,Maccabi Tel-Aviv,FC Midtjylland,0,3,league-phase
2526,2025-10-23,Malmö FF,Dinamo Zagreb,1,1,league-phase
2526,2025-10-23,Nottingham Forest,FC Porto,2,0,league-phase
2526,2025-10-23,RB Salzburg,Ferencvaros,2,3,league-phase
2526,2025-10-23,Racing Genk,Real Betis,0,0,league-phase
2526,2025-10-23,SC Freiburg,FC Utrecht,2,0,league-phase
2526,2025-10-23,SK Brann,Rangers,3,0,league-phase
2526,2025-10-23,Young Boys,Ludogorets Razgrad,3,2,league-phase
2526,2025-11-06,Aston Villa,Maccabi Tel-Aviv,2,0,league-phase
2526,2025-11-06,Bologna,SK Brann,0,0,league-phase
2526,2025-11-06,Braga,Racing Genk,3,4,league-phase
2526,2025-11-06,Dinamo Zagreb,Celta Vigo,0,3,league-phase
2526,2025-11-06,FC Basel,FCSB,3,1,league-phase
2526,2025-11-06,FC Midtjylland,Celtic,3,1,league-phase
2526,2025-11-06,FC Utrecht,FC Porto,1,1,league-phase
2526,2025-11-06,Ferencvaros,Ludogorets Razgrad,3,1,league-phase
2526,2025-11-06,Malmö FF,Panathinaikos,0,1,league-phase
2526,2025-11-06,Nice,SC Freiburg,1,3,league-phase
2526,2025-11-06,PAOK,Young Boys,4,0,league-phase
2526,2025-11-06,RB Salzburg,Go Ahead Eagles,2,0,league-phase
2526,2025-11-06,Rangers,AS Roma,0,2,league-phase
2526,2025-11-06,Real Betis,Lyon,2,0,league-phase
2526,2025-11-06,Red Star Belgrade,Lille,1,0,league-phase
2526,2025-11-06,SK Sturm Graz,Nottingham Forest,0,0,league-phase
2526,2025-11-06,VfB Stuttgart,Feyenoord Rotterdam,2,0,league-phase
2526,2025-11-06,Viktoria Plzen,Fenerbahce,0,0,league-phase
2526,2025-11-27,AS Roma,FC Midtjylland,2,1,league-phase
2526,2025-11-27,Aston Villa,Young Boys,2,1,league-phase
2526,2025-11-27,Bologna,RB Salzburg,4,1,league-phase
2526,2025-11-27,FC Porto,Nice,3,0,league-phase
2526,2025-11-27,Fenerbahce,Ferencvaros,1,1,league-phase
2526,2025-11-27,Feyenoord Rotterdam,Celtic,1,3,league-phase
2526,2025-11-27,Go Ahead Eagles,VfB Stuttgart,0,4,league-phase
2526,2025-11-27,Lille,Dinamo Zagreb,4,0,league-phase
2526,2025-11-27,Ludogorets Razgrad,Celta Vigo,3,2,league-phase
2526,2025-11-27,Maccabi Tel-Aviv,Lyon,0,6,league-phase
2526,2025-11-27,Nottingham Forest,Malmö FF,3,0,league-phase
2526,2025-11-27,PAOK,SK Brann,1,1,league-phase
2526,2025-11-27,Panathinaikos,SK Sturm Graz,2,1,league-phase
2526,2025-11-27,Racing Genk,FC Basel,2,1,league-phase
2526,2025-11-27,Rangers,Braga,1,1,league-phase
2526,2025-11-27,Real Betis,FC Utrecht,2,1,league-phase
2526,2025-11-27,Red Star Belgrade,FCSB,1,0,league-phase
2526,2025-11-27,Viktoria Plzen,SC Freiburg,0,0,league-phase
2526,2025-12-11,Celta Vigo,Bologna,1,2,league-phase
2526,2025-12-11,Celtic,AS Roma,0,3,league-phase
2526,2025-12-11,Dinamo Zagreb,Real Betis,1,3,league-phase
2526,2025-12-11,FC Basel,Aston Villa,1,2,league-phase
2526,2025-12-11,FC Midtjylland,Racing Genk,1,0,league-phase
2526,2025-12-11,FC Porto,Malmö FF,2,1,league-phase
2526,2025-12-11,FC Utrecht,Nottingham Forest,1,2,league-phase
2526,2025-12-11,FCSB,Feyenoord Rotterdam,4,3,league-phase
2526,2025-12-11,Ferencvaros,Rangers,2,1,league-phase
2526,2025-12-11,Ludogorets Razgrad,PAOK,3,3,league-phase
2526,2025-12-11,Lyon,Go Ahead Eagles,2,1,league-phase
2526,2025-12-11,Nice,Braga,0,1,league-phase
2526,2025-12-11,Panathinaikos,Viktoria Plzen,0,0,league-phase
2526,2025-12-11,SC Freiburg,RB Salzburg,1,0,league-phase
2526,2025-12-11,SK Brann,Fenerbahce,0,4,league-phase
2526,2025-12-11,SK Sturm Graz,Red Star Belgrade,0,1,league-phase
2526,2025-12-11,VfB Stuttgart,Maccabi Tel-Aviv,4,1,league-phase
2526,2025-12-11,Young Boys,Lille,1,0,league-phase
2526,2026-01-22,AS Roma,VfB Stuttgart,2,0,league-phase
2526,2026-01-22,Bologna,Celtic,2,2,league-phase
2526,2026-01-22,Braga,Nottingham Forest,1,0,league-phase
2526,2026-01-22,Celta Vigo,Lille,2,1,league-phase
2526,2026-01-22,Dinamo Zagreb,FCSB,4,1,league-phase
2526,2026-01-22,FC Utrecht,Racing Genk,0,2,league-phase
2526,2026-01-22,Fenerbahce,Aston Villa,0,1,league-phase
2526,2026-01-22,Ferencvaros,Panathinaikos,1,1,league-phase
2526,2026-01-22,Feyenoord Rotterdam,SK Sturm Graz,3,0,league-phase
2526,2026-01-22,Malmö FF,Red Star Belgrade,0,1,league-phase
2526,2026-01-22,Nice,Go Ahead Eagles,3,1,league-phase
2526,2026-01-22,PAOK,Real Betis,2,0,league-phase
2526,2026-01-22,RB Salzburg,FC Basel,3,1,league-phase
2526,2026-01-22,Rangers,Ludogorets Razgrad,1,0,league-phase
2526,2026-01-22,SC Freiburg,Maccabi Tel-Aviv,1,0,league-phase
2526,2026-01-22,SK Brann,FC Midtjylland,3,3,league-phase
2526,2026-01-22,Viktoria Plzen,FC Porto,1,1,league-phase
2526,2026-01-22,Young Boys,Lyon,0,1,league-phase
2526,2026-01-29,Aston Villa,RB Salzburg,3,2,league-phase
2526,2026-01-29,Celtic,FC Utrecht,4,2,league-phase
2526,2026-01-29,FC Basel,Viktoria Plzen,0,1,league-phase
2526,2026-01-29,FC Midtjylland,Dinamo Zagreb,2,0,league-phase
2526,2026-01-29,FC Porto,Rangers,3,1,league-phase
2526,2026-01-29,FCSB,Fenerbahce,1,1,league-phase
2526,2026-01-29,Go Ahead Eagles,Braga,0,0,league-phase
2526,2026-01-29,Lille,SC Freiburg,1,0,league-phase
2526,2026-01-29,Ludogorets Razgrad,Nice,1,0,league-phase
2526,2026-01-29,Lyon,PAOK,4,2,league-phase
2526,2026-01-29,Maccabi Tel-Aviv,Bologna,0,3,league-phase
2526,2026-01-29,Nottingham Forest,Ferencvaros,4,0,league-phase
2526,2026-01-29,Panathinaikos,AS Roma,1,1,league-phase
2526,2026-01-29,Racing Genk,Malmö FF,2,1,league-phase
2526,2026-01-29,Real Betis,Feyenoord Rotterdam,2,1,league-phase
2526,2026-01-29,Red Star Belgrade,Celta Vigo,1,1,league-phase
2526,2026-01-29,SK Sturm Graz,SK Brann,1,0,league-phase
2526,2026-01-29,VfB Stuttgart,Young Boys,3,2,league-phase
2526,2026-02-19,Celtic,VfB Stuttgart,1,4,knockout-round-playoffs
2526,2026-02-19,Dinamo Zagreb,Racing Genk,1,3,knockout-round-playoffs
2526,2026-02-19,Fenerbahce,Nottingham Forest,0,3,knockout-round-playoffs
2526,2026-02-19,Lille,Red Star Belgrade,0,1,knockout-round-playoffs
2526,2026-02-19,Ludogorets Razgrad,Ferencvaros,2,1,knockout-round-playoffs
2526,2026-02-19,PAOK,Celta Vigo,1,2,knockout-round-playoffs
2526,2026-02-19,Panathinaikos,Viktoria Plzen,2,2,knockout-round-playoffs
2526,2026-02-19,SK Brann,Bologna,0,1,knockout-round-playoffs
2526,2026-02-26,Bologna,SK Brann,1,0,knockout-round-playoffs
2526,2026-02-26,Celta Vigo,PAOK,1,0,knockout-round-playoffs
2526,2026-02-26,Ferencvaros,Ludogorets Razgrad,2,0,knockout-round-playoffs
2526,2026-02-26,Nottingham Forest,Fenerbahce,1,2,knockout-round-playoffs
2526,2026-02-26,Racing Genk,Dinamo Zagreb,3,3,knockout-round-playoffs
2526,2026-02-26,Red Star Belgrade,Lille,0,2,knockout-round-playoffs
2526,2026-02-26,VfB Stuttgart,Celtic,0,1,knockout-round-playoffs
2526,2026-02-26,Viktoria Plzen,Panathinaikos,1,1,knockout-round-playoffs
2526,2026-03-12,Bologna,AS Roma,1,1,round-of-16
2526,2026-03-12,Celta Vigo,Lyon,1,1,round-of-16
2526,2026-03-12,Ferencvaros,Braga,2,0,round-of-16
2526,2026-03-12,Lille,Aston Villa,0,1,round-of-16
2526,2026-03-12,Nottingham Forest,FC Midtjylland,0,1,round-of-16
2526,2026-03-12,Panathinaikos,Real Betis,1,0,round-of-16
2526,2026-03-12,Racing Genk,SC Freiburg,1,0,round-of-16
2526,2026-03-12,VfB Stuttgart,FC Porto,1,2,round-of-16
2526,2026-03-18,Braga,Ferencvaros,4,0,round-of-16
2526,2026-03-19,AS Roma,Bologna,3,4,round-of-16
2526,2026-03-19,Aston Villa,Lille,2,0,round-of-16
2526,2026-03-19,FC Midtjylland,Nottingham Forest,1,2,round-of-16
2526,2026-03-19,FC Porto,VfB Stuttgart,2,0,round-of-16
2526,2026-03-19,Lyon,Celta Vigo,0,2,round-of-16
2526,2026-03-19,Real Betis,Panathinaikos,4,0,round-of-16
2526,2026-03-19,SC Freiburg,Racing Genk,5,1,round-of-16
2526,2026-04-08,Braga,Real Betis,1,1,quarterfinals
2526,2026-04-09,Bologna,Aston Villa,1,3,quarterfinals
2526,2026-04-09,FC Porto,Nottingham Forest,1,1,quarterfinals
2526,2026-04-09,SC Freiburg,Celta Vigo,3,0,quarterfinals
2526,2026-04-16,Aston Villa,Bologna,4,0,quarterfinals
2526,2026-04-16,Celta Vigo,SC Freiburg,1,3,quarterfinals
2526,2026-04-16,Nottingham Forest,FC Porto,1,0,quarterfinals
2526,2026-04-16,Real Betis,Braga,2,4,quarterfinals
2526,2026-04-30,Braga,SC Freiburg,2,1,semifinals
2526,2026-04-30,Nottingham Forest,Aston Villa,1,0,semifinals
2526,2026-05-07,Aston Villa,Nottingham Forest,4,0,semifinals
2526,2026-05-07,SC Freiburg,Braga,3,1,semifinals
2526,2026-05-20,SC Freiburg,Aston Villa,0,3,final
2627,2026-09-16,AC Milan,Benfica,0,2,league-phase
2627,2026-09-16,Anderlecht,Lyon,1,2,league-phase
2627,2026-09-16,Ararat-Armenia,Sparta Prague,1,4,league-phase
2627,2026-09-16,Bayer Leverkusen,NK Celje,2,0,league-phase
2627,2026-09-16,Hapoel Be'er,Dinamo Zagreb,0,0,league-phase
2627,2026-09-16,Olympiacos,Jagiellonia Bialystok,2,1,league-phase
2627,2026-09-16,Omonia Nicosia,Celta Vigo,1,0,league-phase
2627,2026-09-16,SK Sturm Graz,Stade Rennais,0,0,league-phase
2627,2026-09-16,Sunderland,AZ Alkmaar,1,0,league-phase
2627,2026-09-17,Besiktas,Marseille,4,1,league-phase
2627,2026-09-17,Celtic,Ferencvaros,1,3,league-phase
2627,2026-09-17,Crystal Palace,Lech Poznan,4,0,league-phase
2627,2026-09-17,Juventus,NEC Nijmegen,5,0,league-phase
2627,2026-09-17,Levski Sofia,RB Salzburg,0,1,league-phase
2627,2026-09-17,Lillestrom,Torreense,1,2,league-phase
2627,2026-09-17,OFI Crete,TSG Hoffenheim,2,0,league-phase
2627,2026-09-17,Real Sociedad,AFC Bournemouth,1,2,league-phase
2627,2026-09-17,Viktoria Plzen,Union St.-Gilloise,0,3,league-phase
