Season,Date,HomeTeam,AwayTeam,FTHG,FTAG,tipo
2023,2023-04-14,Guarani,Avaí,4,1,2023-brasileiro-serie-b
2023,2023-04-15,Ituano,Ceará,2,0,2023-brasileiro-serie-b
2023,2023-04-15,Juventude,Botafogo-SP,1,2,2023-brasileiro-serie-b
2023,2023-04-15,Mirassol,Chapecoense,1,0,2023-brasileiro-serie-b
2023,2023-04-15,Sampaio Corrêa,Atlético Goianiense,3,3,2023-brasileiro-serie-b
2023,2023-04-15,Vila Nova,Novorizontino,2,1,2023-brasileiro-serie-b
2023,2023-04-16,Criciúma,Tombense,2,0,2023-brasileiro-serie-b
2023,2023-04-16,Londrina,ABC,1,0,2023-brasileiro-serie-b
2023,2023-04-16,Vitória,Ponte Preta,3,0,2023-brasileiro-serie-b
2023,2023-04-21,Atlético Goianiense,CRB,2,1,2023-brasileiro-serie-b
2023,2023-04-21,Botafogo-SP,Sampaio Corrêa,1,0,2023-brasileiro-serie-b
2023,2023-04-22,Avaí,Mirassol,1,0,2023-brasileiro-serie-b
2023,2023-04-22,Ceará,Guarani,0,3,2023-brasileiro-serie-b
2023,2023-04-22,Novorizontino,Juventude,1,0,2023-brasileiro-serie-b
2023,2023-04-22,Ponte Preta,Criciúma,1,2,2023-brasileiro-serie-b
2023,2023-04-22,Tombense,Ituano,3,0,2023-brasileiro-serie-b
2023,2023-04-23,ABC,Vitória,0,3,2023-brasileiro-serie-b
2023,2023-04-23,Chapecoense,Londrina,3,0,2023-brasileiro-serie-b
2023,2023-04-28,Criciúma,Avaí,1,0,2023-brasileiro-serie-b
2023,2023-04-28,Vitória,Londrina,2,0,2023-brasileiro-serie-b
2023,2023-04-29,Botafogo-SP,CRB,2,0,2023-brasileiro-serie-b
2023,2023-04-29,Chapecoense,Ponte Preta,1,1,2023-brasileiro-serie-b
2023,2023-04-29,Guarani,Ituano,1,0,2023-brasileiro-serie-b
2023,2023-04-29,Sampaio Corrêa,Mirassol,1,3,2023-brasileiro-serie-b
2023,2023-04-29,Tombense,Atlético Goianiense,1,1,2023-brasileiro-serie-b
2023,2023-04-30,ABC,Ceará,1,2,2023-brasileiro-serie-b
2023,2023-04-30,Novorizontino,Sport,0,0,2023-brasileiro-serie-b
2023,2023-04-30,Vila Nova,Juventude,1,0,2023-brasileiro-serie-b
2023,2023-05-01,Londrina,Criciúma,1,1,2023-brasileiro-serie-b
2023,2023-05-02,CRB,Sampaio Corrêa,0,0,2023-brasileiro-serie-b
2023,2023-05-02,Ponte Preta,Botafogo-SP,2,0,2023-brasileiro-serie-b
2023,2023-05-03,Atlético Goianiense,Chapecoense,2,1,2023-brasileiro-serie-b
2023,2023-05-03,Ituano,ABC,3,0,2023-brasileiro-serie-b
2023,2023-05-03,Juventude,Guarani,1,0,2023-brasileiro-serie-b
2023,2023-05-03,Mirassol,Novorizontino,0,2,2023-brasileiro-serie-b
2023,2023-05-04,Avaí,Vila Nova,0,3,2023-brasileiro-serie-b
2023,2023-05-06,Botafogo-SP,Vitória,0,3,2023-brasileiro-serie-b
2023,2023-05-06,Criciúma,Ituano,2,1,2023-brasileiro-serie-b
2023,2023-05-06,Mirassol,Vila Nova,1,1,2023-brasileiro-serie-b
2023,2023-05-06,Sampaio Corrêa,Juventude,2,1,2023-brasileiro-serie-b
2023,2023-05-06,Tombense,Avaí,0,1,2023-brasileiro-serie-b
2023,2023-05-07,CRB,ABC,1,1,2023-brasileiro-serie-b
2023,2023-05-07,Chapecoense,Novorizontino,1,1,2023-brasileiro-serie-b
2023,2023-05-07,Ponte Preta,Ceará,0,0,2023-brasileiro-serie-b
2023,2023-05-07,Sport,Guarani,2,0,2023-brasileiro-serie-b
2023,2023-05-09,Atlético Goianiense,Londrina,2,1,2023-brasileiro-serie-b
2023,2023-05-10,Ceará,Vitória,0,2,2023-brasileiro-serie-b
2023,2023-05-11,Sport,Tombense,3,2,2023-brasileiro-serie-b
2023,2023-05-12,Vila Nova,Criciúma,0,0,2023-brasileiro-serie-b
2023,2023-05-13,Avaí,Chapecoense,1,4,2023-brasileiro-serie-b
2023,2023-05-13,Ceará,Tombense,2,0,2023-brasileiro-serie-b
2023,2023-05-13,Guarani,Sampaio Corrêa,2,0,2023-brasileiro-serie-b
2023,2023-05-13,Juventude,Mirassol,0,1,2023-brasileiro-serie-b
2023,2023-05-13,Novorizontino,CRB,0,1,2023-brasileiro-serie-b
2023,2023-05-14,ABC,Botafogo-SP,1,2,2023-brasileiro-serie-b
2023,2023-05-14,Londrina,Ponte Preta,3,0,2023-brasileiro-serie-b
2023,2023-05-14,Vitória,Atlético Goianiense,2,3,2023-brasileiro-serie-b
2023,2023-05-15,Ituano,Sport,1,1,2023-brasileiro-serie-b
2023,2023-05-19,Mirassol,Vitória,2,0,2023-brasileiro-serie-b
2023,2023-05-19,Tombense,Londrina,0,2,2023-brasileiro-serie-b
2023,2023-05-20,Atlético Goianiense,Avaí,0,0,2023-brasileiro-serie-b
2023,2023-05-20,Ituano,Novorizontino,0,2,2023-brasileiro-serie-b
2023,2023-05-20,Sampaio Corrêa,ABC,1,0,2023-brasileiro-serie-b
2023,2023-05-20,Sport,Botafogo-SP,3,0,2023-brasileiro-serie-b
2023,2023-05-21,CRB,Vila Nova,0,3,2023-brasileiro-serie-b
2023,2023-05-21,Chapecoense,Juventude,0,2,2023-brasileiro-serie-b
2023,2023-05-21,Criciúma,Ceará,1,2,2023-brasileiro-serie-b
2023,2023-05-21,Ponte Preta,Guarani,1,1,2023-brasileiro-serie-b
2023,2023-05-23,Botafogo-SP,Mirassol,1,0,2023-brasileiro-serie-b
2023,2023-05-24,ABC,Tombense,1,0,2023-brasileiro-serie-b
2023,2023-05-24,Juventude,Atlético Goianiense,3,0,2023-brasileiro-serie-b
2023,2023-05-24,Londrina,Ceará,1,3,2023-brasileiro-serie-b
2023,2023-05-24,Novorizontino,Avaí,2,0,2023-brasileiro-serie-b
2023,2023-05-24,Vila Nova,Ituano,1,0,2023-brasileiro-serie-b
2023,2023-05-24,Vitória,CRB,1,0,2023-brasileiro-serie-b
2023,2023-05-25,Criciúma,Sport,1,0,2023-brasileiro-serie-b
2023,2023-05-25,Guarani,Chapecoense,3,3,2023-brasileiro-serie-b
2023,2023-05-25,Sampaio Corrêa,Ponte Preta,0,0,2023-brasileiro-serie-b
2023,2023-05-27,Atlético Goianiense,Botafogo-SP,1,1,2023-brasileiro-serie-b
2023,2023-05-27,Avaí,Vitória,1,1,2023-brasileiro-serie-b
2023,2023-05-27,CRB,Juventude,1,2,2023-brasileiro-serie-b
2023,2023-05-27,Ituano,Londrina,3,1,2023-brasileiro-serie-b
2023,2023-05-28,Ceará,Novorizontino,0,3,2023-brasileiro-serie-b
2023,2023-05-28,Mirassol,Criciúma,1,0,2023-brasileiro-serie-b
2023,2023-05-28,Ponte Preta,Vila Nova,1,0,2023-brasileiro-serie-b
2023,2023-05-28,Sport,ABC,4,1,2023-brasileiro-serie-b
2023,2023-05-28,Tombense,Guarani,1,1,2023-brasileiro-serie-b
2023,2023-05-30,Chapecoense,Sampaio Corrêa,0,1,2023-brasileiro-serie-b
2023,2023-06-02,Botafogo-SP,Tombense,0,0,2023-brasileiro-serie-b
2023,2023-06-02,Ceará,Chapecoense,2,0,2023-brasileiro-serie-b
2023,2023-06-03,ABC,Novorizontino,0,1,2023-brasileiro-serie-b
2023,2023-06-03,Criciúma,Atlético Goianiense,3,0,2023-brasileiro-serie-b
2023,2023-06-03,Juventude,Avaí,3,2,2023-brasileiro-serie-b
2023,2023-06-03,Mirassol,Ponte Preta,1,0,2023-brasileiro-serie-b
2023,2023-06-03,Vila Nova,Sampaio Corrêa,3,0,2023-brasileiro-serie-b
2023,2023-06-03,Vitória,Ituano,3,0,2023-brasileiro-serie-b
2023,2023-06-04,Guarani,CRB,0,1,2023-brasileiro-serie-b
2023,2023-06-04,Londrina,Sport,1,2,2023-brasileiro-serie-b
2023,2023-06-06,Chapecoense,Vila Nova,0,1,2023-brasileiro-serie-b
2023,2023-06-06,Ponte Preta,ABC,0,0,2023-brasileiro-serie-b
2023,2023-06-06,Tombense,Vitória,1,2,2023-brasileiro-serie-b
2023,2023-06-07,Atlético Goianiense,Ceará,0,3,2023-brasileiro-serie-b
2023,2023-06-07,Botafogo-SP,Ituano,0,2,2023-brasileiro-serie-b
2023,2023-06-07,Novorizontino,Guarani,1,0,2023-brasileiro-serie-b
2023,2023-06-07,Sampaio Corrêa,Londrina,2,0,2023-brasileiro-serie-b
2023,2023-06-07,Sport,Avaí,2,1,2023-brasileiro-serie-b
2023,2023-06-08,CRB,Mirassol,2,0,2023-brasileiro-serie-b
2023,2023-06-08,Criciúma,Juventude,0,1,2023-brasileiro-serie-b
2023,2023-06-10,ABC,Chapecoense,1,1,2023-brasileiro-serie-b
2023,2023-06-10,Ceará,CRB,1,3,2023-brasileiro-serie-b
2023,2023-06-10,Ituano,Atlético Goianiense,1,1,2023-brasileiro-serie-b
2023,2023-06-10,Novorizontino,Sampaio Corrêa,1,0,2023-brasileiro-serie-b
2023,2023-06-10,Vila Nova,Guarani,0,0,2023-brasileiro-serie-b
2023,2023-06-11,Avaí,Botafogo-SP,1,1,2023-brasileiro-serie-b
2023,2023-06-11,Juventude,Tombense,1,2,2023-brasileiro-serie-b
2023,2023-06-11,Londrina,Mirassol,1,2,2023-brasileiro-serie-b
2023,2023-06-11,Ponte Preta,Sport,1,1,2023-brasileiro-serie-b
2023,2023-06-11,Vitória,Criciúma,0,1,2023-brasileiro-serie-b
2023,2023-06-18,Sport,Vila Nova,1,0,2023-brasileiro-serie-b
2023,2023-06-21,CRB,Ituano,2,2,2023-brasileiro-serie-b
2023,2023-06-23,Atlético Goianiense,Ponte Preta,1,0,2023-brasileiro-serie-b
2023,2023-06-23,Sport,Juventude,3,0,2023-brasileiro-serie-b
2023,2023-06-24,Avaí,Londrina,0,0,2023-brasileiro-serie-b
2023,2023-06-24,Botafogo-SP,Vila Nova,0,3,2023-brasileiro-serie-b
2023,2023-06-24,Chapecoense,Criciúma,1,1,2023-brasileiro-serie-b
2023,2023-06-24,Tombense,Novorizontino,1,2,2023-brasileiro-serie-b
2023,2023-06-25,Guarani,Vitória,2,0,2023-brasileiro-serie-b
2023,2023-06-25,Mirassol,ABC,3,2,2023-brasileiro-serie-b
2023,2023-06-25,Sampaio Corrêa,Ceará,1,1,2023-brasileiro-serie-b
2023,2023-06-27,Chapecoense,Sport,1,1,2023-brasileiro-serie-b
2023,2023-06-27,Criciúma,CRB,2,1,2023-brasileiro-serie-b
2023,2023-06-28,ABC,Atlético Goianiense,1,1,2023-brasileiro-serie-b
2023,2023-06-28,Ceará,Avaí,0,0,2023-brasileiro-serie-b
2023,2023-06-28,Novorizontino,Botafogo-SP,0,1,2023-brasileiro-serie-b
2023,2023-06-28,Vila Nova,Tombense,1,0,2023-brasileiro-serie-b
2023,2023-06-29,Guarani,Mirassol,2,1,2023-brasileiro-serie-b
2023,2023-06-29,Ituano,Ponte Preta,0,1,2023-brasileiro-serie-b
2023,2023-06-29,Londrina,Juventude,1,2,2023-brasileiro-serie-b
2023,2023-06-29,Vitória,Sampaio Corrêa,2,1,2023-brasileiro-serie-b
2023,2023-07-01,Atlético Goianiense,Vila Nova,1,1,2023-brasileiro-serie-b
2023,2023-07-01,Avaí,ABC,0,2,2023-brasileiro-serie-b
2023,2023-07-01,CRB,Londrina,2,1,2023-brasileiro-serie-b
2023,2023-07-01,Sampaio Corrêa,Criciúma,0,2,2023-brasileiro-serie-b
2023,2023-07-01,Tombense,Chapecoense,4,2,2023-brasileiro-serie-b
2023,2023-07-02,Juventude,Vitória,1,0,2023-brasileiro-serie-b
2023,2023-07-02,Sport,Ceará,2,0,2023-brasileiro-serie-b
2023,2023-07-03,Mirassol,Ituano,0,1,2023-brasileiro-serie-b
2023,2023-07-03,Ponte Preta,Novorizontino,1,0,2023-brasileiro-serie-b
2023,2023-07-04,Botafogo-SP,Guarani,1,0,2023-brasileiro-serie-b
2023,2023-07-05,CRB,Sport,2,0,2023-brasileiro-serie-b
2023,2023-07-07,Novorizontino,Atlético Goianiense,2,2,2023-brasileiro-serie-b
2023,2023-07-08,ABC,Criciúma,0,1,2023-brasileiro-serie-b
2023,2023-07-08,Avaí,Ponte Preta,0,1,2023-brasileiro-serie-b
2023,2023-07-08,Ceará,Botafogo-SP,3,0,2023-brasileiro-serie-b
2023,2023-07-08,Guarani,Londrina,2,1,2023-brasileiro-serie-b
2023,2023-07-08,Ituano,Juventude,1,1,2023-brasileiro-serie-b
2023,2023-07-08,Tombense,Sampaio Corrêa,0,1,2023-brasileiro-serie-b
2023,2023-07-09,Chapecoense,CRB,2,1,2023-brasileiro-serie-b
2023,2023-07-09,Sport,Mirassol,0,0,2023-brasileiro-serie-b
2023,2023-07-11,Vila Nova,Vitória,1,0,2023-brasileiro-serie-b
2023,2023-07-14,Criciúma,Guarani,1,1,2023-brasileiro-serie-b
2023,2023-07-15,Atlético Goianiense,Sport,3,1,2023-brasileiro-serie-b
2023,2023-07-15,Juventude,ABC,1,1,2023-brasileiro-serie-b
2023,2023-07-15,Londrina,Vila Nova,1,0,2023-brasileiro-serie-b
2023,2023-07-15,Ponte Preta,Tombense,0,1,2023-brasileiro-serie-b
2023,2023-07-15,Sampaio Corrêa,Ituano,0,0,2023-brasileiro-serie-b
2023,2023-07-16,Mirassol,Ceará,1,1,2023-brasileiro-serie-b
2023,2023-07-16,Vitória,Novorizontino,2,1,2023-brasileiro-serie-b
2023,2023-07-18,Botafogo-SP,Criciúma,1,0,2023-brasileiro-serie-b
2023,2023-07-18,Chapecoense,Ituano,1,0,2023-brasileiro-serie-b
2023,2023-07-18,Tombense,CRB,2,1,2023-brasileiro-serie-b
2023,2023-07-19,Atlético Goianiense,Mirassol,2,2,2023-brasileiro-serie-b
2023,2023-07-19,Novorizontino,Londrina,3,0,2023-brasileiro-serie-b
2023,2023-07-19,Ponte Preta,Juventude,0,0,2023-brasileiro-serie-b
2023,2023-07-20,ABC,Guarani,0,1,2023-brasileiro-serie-b
2023,2023-07-20,Avaí,Sampaio Corrêa,2,0,2023-brasileiro-serie-b
2023,2023-07-20,Ceará,Vila Nova,1,0,2023-brasileiro-serie-b
2023,2023-07-20,Sport,Vitória,1,2,2023-brasileiro-serie-b
2023,2023-07-21,CRB,Ponte Preta,1,0,2023-brasileiro-serie-b
2023,2023-07-22,Criciúma,Novorizontino,0,1,2023-brasileiro-serie-b
2023,2023-07-22,Ituano,Avaí,0,1,2023-brasileiro-serie-b
2023,2023-07-22,Mirassol,Tombense,2,0,2023-brasileiro-serie-b
2023,2023-07-22,Vila Nova,ABC,1,1,2023-brasileiro-serie-b
2023,2023-07-23,Guarani,Atlético Goianiense,1,0,2023-brasileiro-serie-b
2023,2023-07-23,Juventude,Ceará,1,0,2023-brasileiro-serie-b
2023,2023-07-23,Sampaio Corrêa,Sport,1,2,2023-brasileiro-serie-b
2023,2023-07-24,Londrina,Botafogo-SP,1,2,2023-brasileiro-serie-b
2023,2023-07-24,Vitória,Chapecoense,1,0,2023-brasileiro-serie-b
2023,2023-07-28,Ceará,Ituano,1,1,2023-brasileiro-serie-b
2023,2023-07-29,ABC,Londrina,0,0,2023-brasileiro-serie-b
2023,2023-07-29,Atlético Goianiense,Sampaio Corrêa,2,2,2023-brasileiro-serie-b
2023,2023-07-29,Avaí,Guarani,1,2,2023-brasileiro-serie-b
2023,2023-07-29,Botafogo-SP,Juventude,0,2,2023-brasileiro-serie-b
2023,2023-07-29,Chapecoense,Mirassol,0,1,2023-brasileiro-serie-b
2023,2023-07-29,Sport,CRB,2,0,2023-brasileiro-serie-b
2023,2023-07-30,Novorizontino,Vila Nova,3,1,2023-brasileiro-serie-b
2023,2023-07-30,Ponte Preta,Vitória,2,2,2023-brasileiro-serie-b
2023,2023-07-30,Tombense,Criciúma,2,2,2023-brasileiro-serie-b
2023,2023-08-01,Mirassol,Avaí,2,2,2023-brasileiro-serie-b
2023,2023-08-01,Sampaio Corrêa,Botafogo-SP,0,0,2023-brasileiro-serie-b
2023,2023-08-02,CRB,Atlético Goianiense,2,1,2023-brasileiro-serie-b
2023,2023-08-02,Criciúma,Ponte Preta,2,1,2023-brasileiro-serie-b
2023,2023-08-02,Ituano,Tombense,1,0,2023-brasileiro-serie-b
2023,2023-08-03,Guarani,Ceará,0,0,2023-brasileiro-serie-b
2023,2023-08-03,Juventude,Novorizontino,1,0,2023-brasileiro-serie-b
2023,2023-08-03,Londrina,Chapecoense,1,1,2023-brasileiro-serie-b
2023,2023-08-03,Vila Nova,Sport,0,1,2023-brasileiro-serie-b
2023,2023-08-03,Vitória,ABC,2,0,2023-brasileiro-serie-b
2023,2023-08-05,Avaí,Criciúma,1,0,2023-brasileiro-serie-b
2023,2023-08-05,CRB,Botafogo-SP,0,0,2023-brasileiro-serie-b
2023,2023-08-05,Ituano,Guarani,1,1,2023-brasileiro-serie-b
2023,2023-08-05,Mirassol,Sampaio Corrêa,0,0,2023-brasileiro-serie-b
2023,2023-08-05,Sport,Novorizontino,1,0,2023-brasileiro-serie-b
2023,2023-08-06,Ceará,ABC,1,0,2023-brasileiro-serie-b
2023,2023-08-06,Ponte Preta,Chapecoense,1,0,2023-brasileiro-serie-b
2023,2023-08-07,Juventude,Vila Nova,0,2,2023-brasileiro-serie-b
2023,2023-08-08,Atlético Goianiense,Tombense,3,2,2023-brasileiro-serie-b
2023,2023-08-08,Londrina,Vitória,2,0,2023-brasileiro-serie-b
2023,2023-08-11,Novorizontino,Mirassol,2,1,2023-brasileiro-serie-b
2023,2023-08-12,Botafogo-SP,Ponte Preta,0,0,2023-brasileiro-serie-b
2023,2023-08-12,Criciúma,Londrina,2,0,2023-brasileiro-serie-b
2023,2023-08-12,Sampaio Corrêa,CRB,1,1,2023-brasileiro-serie-b
2023,2023-08-12,Tombense,Sport,0,0,2023-brasileiro-serie-b
2023,2023-08-12,Vila Nova,Avaí,1,1,2023-brasileiro-serie-b
2023,2023-08-13,Chapecoense,Atlético Goianiense,0,1,2023-brasileiro-serie-b
2023,2023-08-13,Guarani,Juventude,0,1,2023-brasileiro-serie-b
2023,2023-08-13,Vitória,Ceará,1,0,2023-brasileiro-serie-b
2023,2023-08-15,ABC,Ituano,1,1,2023-brasileiro-serie-b
2023,2023-08-17,Londrina,Atlético Goianiense,0,2,2023-brasileiro-serie-b
2023,2023-08-18,Vila Nova,Mirassol,2,0,2023-brasileiro-serie-b
2023,2023-08-18,Vitória,Botafogo-SP,2,0,2023-brasileiro-serie-b
2023,2023-08-19,ABC,CRB,1,2,2023-brasileiro-serie-b
2023,2023-08-19,Avaí,Tombense,4,2,2023-brasileiro-serie-b
2023,2023-08-19,Guarani,Sport,3,1,2023-brasileiro-serie-b
2023,2023-08-19,Ituano,Criciúma,3,0,2023-brasileiro-serie-b
2023,2023-08-19,Juventude,Sampaio Corrêa,0,0,2023-brasileiro-serie-b
2023,2023-08-20,Ceará,Ponte Preta,1,1,2023-brasileiro-serie-b
2023,2023-08-20,Novorizontino,Chapecoense,1,2,2023-brasileiro-serie-b
2023,2023-08-22,Mirassol,Juventude,0,1,2023-brasileiro-serie-b
2023,2023-08-23,CRB,Avaí,1,1,2023-brasileiro-serie-b
2023,2023-08-23,Criciúma,Vila Nova,1,0,2023-brasileiro-serie-b
2023,2023-08-24,Botafogo-SP,Chapecoense,1,2,2023-brasileiro-serie-b
2023,2023-08-25,Ponte Preta,Londrina,1,0,2023-brasileiro-serie-b
2023,2023-08-26,CRB,Novorizontino,1,0,2023-brasileiro-serie-b
2023,2023-08-26,Sampaio Corrêa,Guarani,1,1,2023-brasileiro-serie-b
2023,2023-08-26,Sport,Ituano,1,2,2023-brasileiro-serie-b
2023,2023-08-26,Tombense,Ceará,2,2,2023-brasileiro-serie-b
2023,2023-08-27,Atlético Goianiense,Vitória,0,0,2023-brasileiro-serie-b
2023,2023-08-27,Chapecoense,Avaí,0,0,2023-brasileiro-serie-b
2023,2023-08-29,Botafogo-SP,ABC,0,0,2023-brasileiro-serie-b
2023,2023-08-30,Novorizontino,Ituano,2,0,2023-brasileiro-serie-b
2023,2023-09-01,Juventude,Chapecoense,0,0,2023-brasileiro-serie-b
2023,2023-09-01,Vitória,Mirassol,0,0,2023-brasileiro-serie-b
2023,2023-09-02,ABC,Sampaio Corrêa,1,1,2023-brasileiro-serie-b
2023,2023-09-02,Avaí,Atlético Goianiense,0,2,2023-brasileiro-serie-b
2023,2023-09-02,Ceará,Criciúma,1,0,2023-brasileiro-serie-b
2023,2023-09-02,Guarani,Ponte Preta,1,0,2023-brasileiro-serie-b
2023,2023-09-02,Londrina,Tombense,1,1,2023-brasileiro-serie-b
2023,2023-09-03,Botafogo-SP,Sport,1,1,2023-brasileiro-serie-b
2023,2023-09-03,Vila Nova,CRB,0,1,2023-brasileiro-serie-b
2023,2023-09-06,Chapecoense,Guarani,0,1,2023-brasileiro-serie-b
2023,2023-09-07,Ceará,Londrina,3,1,2023-brasileiro-serie-b
2023,2023-09-07,Tombense,ABC,3,0,2023-brasileiro-serie-b
2023,2023-09-08,Ituano,Vila Nova,1,2,2023-brasileiro-serie-b
2023,2023-09-09,Ponte Preta,Sampaio Corrêa,0,0,2023-brasileiro-serie-b
2023,2023-09-10,Atlético Goianiense,Juventude,3,0,2023-brasileiro-serie-b
2023,2023-09-10,CRB,Vitória,6,0,2023-brasileiro-serie-b
2023,2023-09-10,Mirassol,Botafogo-SP,1,0,2023-brasileiro-serie-b
2023,2023-09-10,Sport,Criciúma,3,3,2023-brasileiro-serie-b
2023,2023-09-12,Avaí,Novorizontino,1,0,2023-brasileiro-serie-b
2023,2023-09-14,Londrina,Ituano,2,2,2023-brasileiro-serie-b
2023,2023-09-15,Vila Nova,Ponte Preta,1,1,2023-brasileiro-serie-b
2023,2023-09-16,ABC,Sport,0,1,2023-brasileiro-serie-b
2023,2023-09-16,Botafogo-SP,Atlético Goianiense,1,0,2023-brasileiro-serie-b
2023,2023-09-16,Criciúma,Mirassol,2,1,2023-brasileiro-serie-b
2023,2023-09-16,Juventude,CRB,3,1,2023-brasileiro-serie-b
2023,2023-09-16,Sampaio Corrêa,Chapecoense,2,0,2023-brasileiro-serie-b
2023,2023-09-17,Guarani,Tombense,3,0,2023-brasileiro-serie-b
2023,2023-09-17,Vitória,Avaí,3,0,2023-brasileiro-serie-b
2023,2023-09-19,Novorizontino,Ceará,4,1,2023-brasileiro-serie-b
2023,2023-09-20,Sampaio Corrêa,Vila Nova,2,1,2023-brasileiro-serie-b
2023,2023-09-22,Ponte Preta,Mirassol,0,3,2023-brasileiro-serie-b
2023,2023-09-23,Atlético Goianiense,Criciúma,3,1,2023-brasileiro-serie-b
2023,2023-09-23,CRB,Guarani,1,0,2023-brasileiro-serie-b
2023,2023-09-23,Chapecoense,Ceará,1,1,2023-brasileiro-serie-b
2023,2023-09-23,Ituano,Vitória,0,2,2023-brasileiro-serie-b
2023,2023-09-23,Tombense,Botafogo-SP,0,0,2023-brasileiro-serie-b
2023,2023-09-24,Sport,Londrina,4,0,2023-brasileiro-serie-b
2023,2023-09-25,Avaí,Juventude,0,2,2023-brasileiro-serie-b
2023,2023-09-26,Novorizontino,ABC,2,1,2023-brasileiro-serie-b
2023,2023-09-28,Mirassol,CRB,1,0,2023-brasileiro-serie-b
2023,2023-09-29,Avaí,Sport,2,2,2023-brasileiro-serie-b
2023,2023-09-29,Londrina,Sampaio Corrêa,1,0,2023-brasileiro-serie-b
2023,2023-09-30,ABC,Ponte Preta,2,0,2023-brasileiro-serie-b
2023,2023-09-30,Guarani,Novorizontino,2,1,2023-brasileiro-serie-b
2023,2023-09-30,Ituano,Botafogo-SP,1,1,2023-brasileiro-serie-b
2023,2023-09-30,Juventude,Criciúma,1,0,2023-brasileiro-serie-b
2023,2023-09-30,Vitória,Tombense,1,0,2023-brasileiro-serie-b
2023,2023-10-01,Ceará,Atlético Goianiense,0,1,2023-brasileiro-serie-b
2023,2023-10-01,Vila Nova,Chapecoense,0,0,2023-brasileiro-serie-b
2023,2023-10-03,Mirassol,Londrina,2,0,2023-brasileiro-serie-b
2023,2023-10-05,Chapecoense,ABC,0,0,2023-brasileiro-serie-b
2023,2023-10-07,Atlético Goianiense,Ituano,1,0,2023-brasileiro-serie-b
2023,2023-10-07,Botafogo-SP,Avaí,0,1,2023-brasileiro-serie-b
2023,2023-10-07,CRB,Ceará,2,0,2023-brasileiro-serie-b
2023,2023-10-07,Guarani,Vila Nova,1,1,2023-brasileiro-serie-b
2023,2023-10-07,Sampaio Corrêa,Novorizontino,1,1,2023-brasileiro-serie-b
2023,2023-10-07,Tombense,Juventude,1,1,2023-brasileiro-serie-b
2023,2023-10-08,Criciúma,Vitória,1,0,2023-brasileiro-serie-b
2023,2023-10-10,Sport,Ponte Preta,3,3,2023-brasileiro-serie-b
2023,2023-10-11,ABC,Mirassol,1,2,2023-brasileiro-serie-b
2023,2023-10-12,Vila Nova,Botafogo-SP,3,1,2023-brasileiro-serie-b
2023,2023-10-14,Ceará,Sampaio Corrêa,0,0,2023-brasileiro-serie-b
2023,2023-10-14,Criciúma,Chapecoense,1,2,2023-brasileiro-serie-b
2023,2023-10-14,Ituano,CRB,0,0,2023-brasileiro-serie-b
2023,2023-10-14,Novorizontino,Tombense,0,0,2023-brasileiro-serie-b
2023,2023-10-15,Londrina,Avaí,1,1,2023-brasileiro-serie-b
2023,2023-10-15,Ponte Preta,Atlético Goianiense,0,2,2023-brasileiro-serie-b
2023,2023-10-15,Vitória,Guarani,2,0,2023-brasileiro-serie-b
2023,2023-10-17,Juventude,Sport,2,2,2023-brasileiro-serie-b
2023,2023-10-19,Atlético Goianiense,ABC,3,1,2023-brasileiro-serie-b
2023,2023-10-19,Tombense,Vila Nova,2,1,2023-brasileiro-serie-b
2023,2023-10-20,Sampaio Corrêa,Vitória,0,1,2023-brasileiro-serie-b
2023,2023-10-21,Botafogo-SP,Novorizontino,2,0,2023-brasileiro-serie-b
2023,2023-10-21,CRB,Criciúma,0,1,2023-brasileiro-serie-b
2023,2023-10-21,Juventude,Londrina,2,2,2023-brasileiro-serie-b
2023,2023-10-21,Mirassol,Guarani,0,0,2023-brasileiro-serie-b
2023,2023-10-22,Avaí,Ceará,1,0,2023-brasileiro-serie-b
2023,2023-10-22,Sport,Chapecoense,2,1,2023-brasileiro-serie-b
2023,2023-10-24,Ponte Preta,Ituano,0,0,2023-brasileiro-serie-b
2023,2023-10-26,ABC,Avaí,1,1,2023-brasileiro-serie-b
2023,2023-10-27,Ceará,Sport,2,1,2023-brasileiro-serie-b
2023,2023-10-28,Criciúma,Sampaio Corrêa,3,0,2023-brasileiro-serie-b
2023,2023-10-28,Guarani,Botafogo-SP,0,1,2023-brasileiro-serie-b
2023,2023-10-28,Ituano,Mirassol,0,0,2023-brasileiro-serie-b
2023,2023-10-28,Novorizontino,Ponte Preta,2,0,2023-brasileiro-serie-b
2023,2023-10-28,Vila Nova,Atlético Goianiense,2,1,2023-brasileiro-serie-b
2023,2023-10-29,Londrina,CRB,1,1,2023-brasileiro-serie-b
2023,2023-10-29,Vitória,Juventude,0,0,2023-brasileiro-serie-b
2023,2023-10-31,Chapecoense,Tombense,1,2,2023-brasileiro-serie-b
2023,2023-11-02,Atlético Goianiense,Novorizontino,2,2,2023-brasileiro-serie-b
2023,2023-11-03,Mirassol,Sport,2,1,2023-brasileiro-serie-b
2023,2023-11-04,Botafogo-SP,Ceará,2,2,2023-brasileiro-serie-b
2023,2023-11-04,Juventude,Ituano,2,1,2023-brasileiro-serie-b
2023,2023-11-04,Londrina,Guarani,0,0,2023-brasileiro-serie-b
2023,2023-11-04,Ponte Preta,Avaí,0,1,2023-brasileiro-serie-b
2023,2023-11-04,Sampaio Corrêa,Tombense,1,2,2023-brasileiro-serie-b
2023,2023-11-05,Vitória,Vila Nova,1,1,2023-brasileiro-serie-b
2023,2023-11-07,CRB,Chapecoense,3,2,2023-brasileiro-serie-b
2023,2023-11-08,Criciúma,ABC,1,0,2023-brasileiro-serie-b
2023,2023-11-10,Vila Nova,Londrina,4,1,2023-brasileiro-serie-b
2023,2023-11-11,Avaí,CRB,1,1,2023-brasileiro-serie-b
2023,2023-11-11,Chapecoense,Botafogo-SP,2,0,2023-brasileiro-serie-b
2023,2023-11-11,Ituano,Sampaio Corrêa,2,1,2023-brasileiro-serie-b
2023,2023-11-11,Sport,Atlético Goianiense,0,0,2023-brasileiro-serie-b
2023,2023-11-11,Tombense,Ponte Preta,0,1,2023-brasileiro-serie-b
2023,2023-11-12,Ceará,Mirassol,2,0,2023-brasileiro-serie-b
2023,2023-11-12,Novorizontino,Vitória,1,2,2023-brasileiro-serie-b
2023,2023-11-14,Guarani,Criciúma,1,1,2023-brasileiro-serie-b
2023,2023-11-15,ABC,Juventude,0,0,2023-brasileiro-serie-b
2023,2023-11-17,Ituano,Chapecoense,0,0,2023-brasileiro-serie-b
2023,2023-11-18,Criciúma,Botafogo-SP,3,0,2023-brasileiro-serie-b
2023,2023-11-18,Juventude,Ponte Preta,0,0,2023-brasileiro-serie-b
2023,2023-11-18,Londrina,Novorizontino,0,1,2023-brasileiro-serie-b
2023,2023-11-18,Mirassol,Atlético Goianiense,4,1,2023-brasileiro-serie-b
2023,2023-11-18,Vila Nova,Ceará,3,1,2023-brasileiro-serie-b
2023,2023-11-18,Vitória,Sport,1,0,2023-brasileiro-serie-b
2023,2023-11-19,CRB,Tombense,2,0,2023-brasileiro-serie-b
2023,2023-11-19,Guarani,ABC,2,3,2023-brasileiro-serie-b
2023,2023-11-21,Sampaio Corrêa,Avaí,4,0,2023-brasileiro-serie-b
2023,2023-11-25,ABC,Vila Nova,3,2,2023-brasileiro-serie-b
2023,2023-11-25,Atlético Goianiense,Guarani,3,0,2023-brasileiro-serie-b
2023,2023-11-25,Avaí,Ituano,0,0,2023-brasileiro-serie-b
2023,2023-11-25,Botafogo-SP,Londrina,0,1,2023-brasileiro-serie-b
2023,2023-11-25,Ceará,Juventude,1,3,2023-brasileiro-serie-b
2023,2023-11-25,Chapecoense,Vitória,3,1,2023-brasileiro-serie-b
2023,2023-11-25,Novorizontino,Criciúma,2,0,2023-brasileiro-serie-b
2023,2023-11-25,Ponte Preta,CRB,3,0,2023-brasileiro-serie-b
2023,2023-11-25,Sport,Sampaio Corrêa,4,1,2023-brasileiro-serie-b
2023,2023-11-25,Tombense,Mirassol,0,1,2023-brasileiro-serie-b
2024,2024-04-19,Botafogo-SP,América Mineiro,1,1,2024-brasileiro-serie-b
2024,2024-04-19,Novorizontino,CRB,2,1,2024-brasileiro-serie-b
2024,2024-04-20,Amazonas,Sport,2,3,2024-brasileiro-serie-b
2024,2024-04-20,Ceará,Goiás,1,1,2024-brasileiro-serie-b
2024,2024-04-20,Chapecoense,Ituano,3,1,2024-brasileiro-serie-b
2024,2024-04-20,Operário PR,Avaí,1,0,2024-brasileiro-serie-b
2024,2024-04-20,Santos,Paysandu,2,0,2024-brasileiro-serie-b
2024,2024-04-21,Ponte Preta,Coritiba,1,1,2024-brasileiro-serie-b
2024,2024-04-23,Vila Nova,Guarani,2,0,2024-brasileiro-serie-b
2024,2024-04-24,Brusque,Mirassol,3,1,2024-brasileiro-serie-b
2024,2024-04-26,Ituano,Operário PR,0,2,2024-brasileiro-serie-b
2024,2024-04-26,Sport,Vila Nova,2,0,2024-brasileiro-serie-b
2024,2024-04-27,América Mineiro,Novorizontino,2,0,2024-brasileiro-serie-b
2024,2024-04-27,Avaí,Santos,0,2,2024-brasileiro-serie-b
2024,2024-04-27,CRB,Amazonas,0,0,2024-brasileiro-serie-b
2024,2024-04-27,Guarani,Chapecoense,0,1,2024-brasileiro-serie-b
2024,2024-04-27,Paysandu,Botafogo-SP,1,1,2024-brasileiro-serie-b
2024,2024-04-28,Coritiba,Brusque,1,0,2024-brasileiro-serie-b
2024,2024-04-28,Goiás,Ponte Preta,3,0,2024-brasileiro-serie-b
2024,2024-04-29,Mirassol,Ceará,3,2,2024-brasileiro-serie-b
2024,2024-05-03,Paysandu,Avaí,0,0,2024-brasileiro-serie-b
2024,2024-05-04,Chapecoense,América Mineiro,2,2,2024-brasileiro-serie-b
2024,2024-05-04,Coritiba,Sport,0,1,2024-brasileiro-serie-b
2024,2024-05-04,Vila Nova,Operário PR,1,0,2024-brasileiro-serie-b
2024,2024-05-05,Brusque,Goiás,0,2,2024-brasileiro-serie-b
2024,2024-05-05,Ituano,Novorizontino,1,3,2024-brasileiro-serie-b
2024,2024-05-06,Ceará,CRB,2,2,2024-brasileiro-serie-b
2024,2024-05-07,Ponte Preta,Amazonas,3,0,2024-brasileiro-serie-b
2024,2024-05-07,Santos,Guarani,4,1,2024-brasileiro-serie-b
2024,2024-05-08,Botafogo-SP,Mirassol,0,0,2024-brasileiro-serie-b
2024,2024-05-09,América Mineiro,Vila Nova,3,1,2024-brasileiro-serie-b
2024,2024-05-10,Novorizontino,Ceará,0,3,2024-brasileiro-serie-b
2024,2024-05-11,Amazonas,Santos,1,0,2024-brasileiro-serie-b
2024,2024-05-11,CRB,Chapecoense,2,0,2024-brasileiro-serie-b
2024,2024-05-11,Goiás,Ituano,2,0,2024-brasileiro-serie-b
2024,2024-05-11,Guarani,Botafogo-SP,2,0,2024-brasileiro-serie-b
2024,2024-05-11,Operário PR,Ponte Preta,1,1,2024-brasileiro-serie-b
2024,2024-05-11,Sport,Brusque,4,1,2024-brasileiro-serie-b
2024,2024-05-12,Avaí,Coritiba,1,0,2024-brasileiro-serie-b
2024,2024-05-12,Mirassol,Paysandu,2,1,2024-brasileiro-serie-b
2024,2024-05-14,Avaí,CRB,2,1,2024-brasileiro-serie-b
2024,2024-05-14,Vila Nova,Novorizontino,2,1,2024-brasileiro-serie-b
2024,2024-05-15,América Mineiro,Mirassol,0,0,2024-brasileiro-serie-b
2024,2024-05-15,Botafogo-SP,Chapecoense,0,0,2024-brasileiro-serie-b
2024,2024-05-15,Brusque,Operário PR,0,0,2024-brasileiro-serie-b
2024,2024-05-15,Coritiba,Guarani,1,0,2024-brasileiro-serie-b
2024,2024-05-15,Ituano,Sport,1,0,2024-brasileiro-serie-b
2024,2024-05-16,Ceará,Amazonas,2,1,2024-brasileiro-serie-b
2024,2024-05-16,Paysandu,Goiás,1,1,2024-brasileiro-serie-b
2024,2024-05-16,Ponte Preta,Santos,1,2,2024-brasileiro-serie-b
2024,2024-05-17,CRB,Vila Nova,1,0,2024-brasileiro-serie-b
2024,2024-05-18,Amazonas,Paysandu,1,1,2024-brasileiro-serie-b
2024,2024-05-18,Goiás,Botafogo-SP,4,0,2024-brasileiro-serie-b
2024,2024-05-18,Novorizontino,Coritiba,0,0,2024-brasileiro-serie-b
2024,2024-05-19,Mirassol,Ituano,2,0,2024-brasileiro-serie-b
2024,2024-05-19,Operário PR,Ceará,0,0,2024-brasileiro-serie-b
2024,2024-05-19,Santos,Brusque,4,0,2024-brasileiro-serie-b
2024,2024-05-19,Sport,Avaí,1,2,2024-brasileiro-serie-b
2024,2024-05-21,Chapecoense,Ponte Preta,0,0,2024-brasileiro-serie-b
2024,2024-05-21,Guarani,América Mineiro,1,2,2024-brasileiro-serie-b
2024,2024-05-25,América Mineiro,Santos,2,1,2024-brasileiro-serie-b
2024,2024-05-26,Ceará,Chapecoense,2,1,2024-brasileiro-serie-b
2024,2024-05-26,Guarani,Paysandu,0,0,2024-brasileiro-serie-b
2024,2024-05-26,Ituano,Ponte Preta,2,0,2024-brasileiro-serie-b
2024,2024-05-26,Vila Nova,Brusque,2,2,2024-brasileiro-serie-b
2024,2024-05-27,Coritiba,Operário PR,3,0,2024-brasileiro-serie-b
2024,2024-05-28,Amazonas,Mirassol,1,0,2024-brasileiro-serie-b
2024,2024-05-28,Avaí,Goiás,2,0,2024-brasileiro-serie-b
2024,2024-05-28,Botafogo-SP,Novorizontino,0,1,2024-brasileiro-serie-b
2024,2024-05-31,Ceará,Coritiba,1,0,2024-brasileiro-serie-b
2024,2024-06-01,Brusque,Novorizontino,0,0,2024-brasileiro-serie-b
2024,2024-06-01,Goiás,Sport,3,0,2024-brasileiro-serie-b
2024,2024-06-02,Chapecoense,Vila Nova,1,1,2024-brasileiro-serie-b
2024,2024-06-02,Ituano,Avaí,0,1,2024-brasileiro-serie-b
2024,2024-06-02,Ponte Preta,CRB,4,2,2024-brasileiro-serie-b
2024,2024-06-04,Mirassol,Guarani,3,0,2024-brasileiro-serie-b
2024,2024-06-04,Operário PR,Amazonas,1,0,2024-brasileiro-serie-b
2024,2024-06-04,Santos,Botafogo-SP,1,2,2024-brasileiro-serie-b
2024,2024-06-05,Paysandu,América Mineiro,2,0,2024-brasileiro-serie-b
2024,2024-06-07,Coritiba,Ituano,4,2,2024-brasileiro-serie-b
2024,2024-06-08,Amazonas,Brusque,2,1,2024-brasileiro-serie-b
2024,2024-06-08,Guarani,Operário PR,0,1,2024-brasileiro-serie-b
2024,2024-06-08,Novorizontino,Santos,3,1,2024-brasileiro-serie-b
2024,2024-06-09,América Mineiro,Ponte Preta,2,0,2024-brasileiro-serie-b
2024,2024-06-09,Avaí,Chapecoense,0,0,2024-brasileiro-serie-b
2024,2024-06-10,Vila Nova,Ceará,3,2,2024-brasileiro-serie-b
2024,2024-06-11,Mirassol,Goiás,1,0,2024-brasileiro-serie-b
2024,2024-06-11,Sport,Paysandu,1,0,2024-brasileiro-serie-b
2024,2024-06-14,Amazonas,Chapecoense,0,1,2024-brasileiro-serie-b
2024,2024-06-14,Operário PR,Santos,1,0,2024-brasileiro-serie-b
2024,2024-06-15,América Mineiro,CRB,2,1,2024-brasileiro-serie-b
2024,2024-06-15,Avaí,Guarani,3,2,2024-brasileiro-serie-b
2024,2024-06-15,Ituano,Paysandu,3,5,2024-brasileiro-serie-b
2024,2024-06-15,Ponte Preta,Novorizontino,1,0,2024-brasileiro-serie-b
2024,2024-06-16,Botafogo-SP,Vila Nova,1,0,2024-brasileiro-serie-b
2024,2024-06-16,Brusque,Ceará,1,0,2024-brasileiro-serie-b
2024,2024-06-16,Goiás,Coritiba,1,1,2024-brasileiro-serie-b
2024,2024-06-16,Sport,Mirassol,1,0,2024-brasileiro-serie-b
2024,2024-06-18,Chapecoense,Operário PR,0,1,2024-brasileiro-serie-b
2024,2024-06-18,Guarani,Ituano,3,3,2024-brasileiro-serie-b
2024,2024-06-19,Novorizontino,Amazonas,1,1,2024-brasileiro-serie-b
2024,2024-06-19,Paysandu,CRB,1,1,2024-brasileiro-serie-b
2024,2024-06-19,Santos,Goiás,2,0,2024-brasileiro-serie-b
2024,2024-06-20,Botafogo-SP,Ponte Preta,2,0,2024-brasileiro-serie-b
2024,2024-06-20,Brusque,Avaí,0,0,2024-brasileiro-serie-b
2024,2024-06-20,Coritiba,América Mineiro,1,0,2024-brasileiro-serie-b
2024,2024-06-20,Vila Nova,Mirassol,1,0,2024-brasileiro-serie-b
2024,2024-06-21,Ceará,Sport,0,0,2024-brasileiro-serie-b
2024,2024-06-22,CRB,Guarani,1,0,2024-brasileiro-serie-b
2024,2024-06-22,Operário PR,Botafogo-SP,0,1,2024-brasileiro-serie-b
2024,2024-06-23,Chapecoense,Paysandu,1,2,2024-brasileiro-serie-b
2024,2024-06-23,Ituano,Brusque,1,1,2024-brasileiro-serie-b
2024,2024-06-23,Vila Nova,Goiás,1,0,2024-brasileiro-serie-b
2024,2024-06-24,Sport,Novorizontino,1,2,2024-brasileiro-serie-b
2024,2024-06-25,América Mineiro,Avaí,1,1,2024-brasileiro-serie-b
2024,2024-06-25,Mirassol,Santos,0,0,2024-brasileiro-serie-b
2024,2024-06-26,Amazonas,Coritiba,1,0,2024-brasileiro-serie-b
2024,2024-06-26,Ponte Preta,Ceará,3,1,2024-brasileiro-serie-b
2024,2024-06-29,Botafogo-SP,Sport,1,1,2024-brasileiro-serie-b
2024,2024-06-29,Coritiba,Vila Nova,1,1,2024-brasileiro-serie-b
2024,2024-06-30,Avaí,Amazonas,1,1,2024-brasileiro-serie-b
2024,2024-06-30,Ceará,Ituano,4,2,2024-brasileiro-serie-b
2024,2024-06-30,Guarani,Ponte Preta,1,1,2024-brasileiro-serie-b
2024,2024-06-30,Paysandu,Operário PR,1,1,2024-brasileiro-serie-b
2024,2024-07-01,Santos,Chapecoense,1,0,2024-brasileiro-serie-b
2024,2024-07-02,CRB,Brusque,1,1,2024-brasileiro-serie-b
2024,2024-07-02,Goiás,América Mineiro,2,1,2024-brasileiro-serie-b
2024,2024-07-03,Novorizontino,Mirassol,1,1,2024-brasileiro-serie-b
2024,2024-07-05,Ceará,Santos,0,1,2024-brasileiro-serie-b
2024,2024-07-06,América Mineiro,Operário PR,2,0,2024-brasileiro-serie-b
2024,2024-07-06,Brusque,Ponte Preta,0,0,2024-brasileiro-serie-b
2024,2024-07-06,Goiás,Chapecoense,1,2,2024-brasileiro-serie-b
2024,2024-07-07,Coritiba,Paysandu,1,1,2024-brasileiro-serie-b
2024,2024-07-07,Guarani,Sport,0,1,2024-brasileiro-serie-b
2024,2024-07-07,Ituano,Botafogo-SP,3,2,2024-brasileiro-serie-b
2024,2024-07-09,Amazonas,Vila Nova,1,2,2024-brasileiro-serie-b
2024,2024-07-09,Avaí,Novorizontino,0,1,2024-brasileiro-serie-b
2024,2024-07-10,Mirassol,CRB,1,0,2024-brasileiro-serie-b
2024,2024-07-12,Ponte Preta,Mirassol,4,2,2024-brasileiro-serie-b
2024,2024-07-13,Botafogo-SP,Amazonas,0,1,2024-brasileiro-serie-b
2024,2024-07-13,CRB,Coritiba,2,1,2024-brasileiro-serie-b
2024,2024-07-13,Novorizontino,Guarani,1,1,2024-brasileiro-serie-b
2024,2024-07-13,Paysandu,Ceará,2,1,2024-brasileiro-serie-b
2024,2024-07-13,Sport,América Mineiro,1,1,2024-brasileiro-serie-b
2024,2024-07-14,Chapecoense,Brusque,1,1,2024-brasileiro-serie-b
2024,2024-07-14,Vila Nova,Avaí,2,1,2024-brasileiro-serie-b
2024,2024-07-16,Santos,Ituano,2,0,2024-brasileiro-serie-b
2024,2024-07-18,CRB,Botafogo-SP,4,1,2024-brasileiro-serie-b
2024,2024-07-18,Operário PR,Goiás,2,0,2024-brasileiro-serie-b
2024,2024-07-19,Avaí,Ceará,0,1,2024-brasileiro-serie-b
2024,2024-07-19,Novorizontino,Chapecoense,1,0,2024-brasileiro-serie-b
2024,2024-07-19,Vila Nova,Santos,1,1,2024-brasileiro-serie-b
2024,2024-07-20,América Mineiro,Amazonas,0,0,2024-brasileiro-serie-b
2024,2024-07-20,CRB,Ituano,1,0,2024-brasileiro-serie-b
2024,2024-07-20,Coritiba,Mirassol,0,1,2024-brasileiro-serie-b
2024,2024-07-20,Paysandu,Ponte Preta,1,0,2024-brasileiro-serie-b
2024,2024-07-21,Botafogo-SP,Brusque,2,2,2024-brasileiro-serie-b
2024,2024-07-21,Guarani,Goiás,2,3,2024-brasileiro-serie-b
2024,2024-07-23,Chapecoense,Sport,1,1,2024-brasileiro-serie-b
2024,2024-07-23,Operário PR,Novorizontino,0,0,2024-brasileiro-serie-b
2024,2024-07-23,Santos,Coritiba,4,0,2024-brasileiro-serie-b
2024,2024-07-24,Ituano,América Mineiro,0,0,2024-brasileiro-serie-b
2024,2024-07-24,Mirassol,Avaí,0,0,2024-brasileiro-serie-b
2024,2024-07-24,Ponte Preta,Vila Nova,2,0,2024-brasileiro-serie-b
2024,2024-07-25,Amazonas,Guarani,1,1,2024-brasileiro-serie-b
2024,2024-07-25,Brusque,Paysandu,1,0,2024-brasileiro-serie-b
2024,2024-07-26,Ceará,Botafogo-SP,4,1,2024-brasileiro-serie-b
2024,2024-07-26,Goiás,CRB,1,1,2024-brasileiro-serie-b
2024,2024-07-27,Coritiba,Chapecoense,1,0,2024-brasileiro-serie-b
2024,2024-07-27,Ituano,Vila Nova,0,0,2024-brasileiro-serie-b
2024,2024-07-27,Mirassol,Operário PR,1,0,2024-brasileiro-serie-b
2024,2024-07-27,Sport,Ponte Preta,3,1,2024-brasileiro-serie-b
2024,2024-07-28,América Mineiro,Ceará,2,2,2024-brasileiro-serie-b
2024,2024-07-28,CRB,Santos,1,1,2024-brasileiro-serie-b
2024,2024-07-28,Guarani,Brusque,1,0,2024-brasileiro-serie-b
2024,2024-07-29,Paysandu,Novorizontino,1,3,2024-brasileiro-serie-b
2024,2024-07-31,Avaí,Botafogo-SP,1,1,2024-brasileiro-serie-b
2024,2024-08-02,Brusque,América Mineiro,0,0,2024-brasileiro-serie-b
2024,2024-08-03,Botafogo-SP,Coritiba,2,0,2024-brasileiro-serie-b
2024,2024-08-03,Santos,Sport,1,1,2024-brasileiro-serie-b
2024,2024-08-04,Amazonas,Ituano,1,0,2024-brasileiro-serie-b
2024,2024-08-04,Novorizontino,Goiás,2,1,2024-brasileiro-serie-b
2024,2024-08-04,Operário PR,CRB,2,0,2024-brasileiro-serie-b
2024,2024-08-04,Ponte Preta,Avaí,1,0,2024-brasileiro-serie-b
2024,2024-08-05,Chapecoense,Mirassol,0,1,2024-brasileiro-serie-b
2024,2024-08-06,Vila Nova,Paysandu,2,2,2024-brasileiro-serie-b
2024,2024-08-07,Ceará,Guarani,3,1,2024-brasileiro-serie-b
2024,2024-08-09,Avaí,Operário PR,1,0,2024-brasileiro-serie-b
2024,2024-08-10,América Mineiro,Botafogo-SP,3,1,2024-brasileiro-serie-b
2024,2024-08-10,Ituano,Chapecoense,2,1,2024-brasileiro-serie-b
2024,2024-08-10,Mirassol,Brusque,2,0,2024-brasileiro-serie-b
2024,2024-08-10,Paysandu,Santos,0,3,2024-brasileiro-serie-b
2024,2024-08-10,Sport,Amazonas,3,2,2024-brasileiro-serie-b
2024,2024-08-11,CRB,Novorizontino,0,1,2024-brasileiro-serie-b
2024,2024-08-11,Coritiba,Ponte Preta,1,1,2024-brasileiro-serie-b
2024,2024-08-13,Goiás,Ceará,2,1,2024-brasileiro-serie-b
2024,2024-08-13,Guarani,Vila Nova,2,0,2024-brasileiro-serie-b
2024,2024-08-16,Operário PR,Ituano,1,2,2024-brasileiro-serie-b
2024,2024-08-16,Ponte Preta,Goiás,1,1,2024-brasileiro-serie-b
2024,2024-08-17,Amazonas,CRB,2,0,2024-brasileiro-serie-b
2024,2024-08-17,Ceará,Mirassol,1,2,2024-brasileiro-serie-b
2024,2024-08-17,Chapecoense,Guarani,0,4,2024-brasileiro-serie-b
2024,2024-08-17,Novorizontino,América Mineiro,1,1,2024-brasileiro-serie-b
2024,2024-08-17,Santos,Avaí,0,1,2024-brasileiro-serie-b
2024,2024-08-17,Vila Nova,Sport,2,0,2024-brasileiro-serie-b
2024,2024-08-18,Botafogo-SP,Paysandu,1,1,2024-brasileiro-serie-b
2024,2024-08-18,Brusque,Coritiba,0,1,2024-brasileiro-serie-b
2024,2024-08-20,Novorizontino,Ituano,1,0,2024-brasileiro-serie-b
2024,2024-08-21,Amazonas,Ponte Preta,2,1,2024-brasileiro-serie-b
2024,2024-08-21,América Mineiro,Chapecoense,0,0,2024-brasileiro-serie-b
2024,2024-08-21,Guarani,Santos,1,1,2024-brasileiro-serie-b
2024,2024-08-21,Mirassol,Botafogo-SP,1,2,2024-brasileiro-serie-b
2024,2024-08-21,Operário PR,Vila Nova,2,3,2024-brasileiro-serie-b
2024,2024-08-22,CRB,Ceará,0,2,2024-brasileiro-serie-b
2024,2024-08-22,Goiás,Brusque,4,1,2024-brasileiro-serie-b
2024,2024-08-23,Avaí,Paysandu,1,0,2024-brasileiro-serie-b
2024,2024-08-23,Sport,Coritiba,0,1,2024-brasileiro-serie-b
2024,2024-08-24,Ituano,Goiás,1,0,2024-brasileiro-serie-b
2024,2024-08-24,Ponte Preta,Operário PR,0,1,2024-brasileiro-serie-b
2024,2024-08-24,Santos,Amazonas,0,0,2024-brasileiro-serie-b
2024,2024-08-25,Chapecoense,CRB,0,0,2024-brasileiro-serie-b
2024,2024-08-25,Vila Nova,América Mineiro,1,0,2024-brasileiro-serie-b
2024,2024-08-26,Paysandu,Mirassol,0,0,2024-brasileiro-serie-b
2024,2024-08-27,Ceará,Novorizontino,1,0,2024-brasileiro-serie-b
2024,2024-08-28,Brusque,Sport,1,0,2024-brasileiro-serie-b
2024,2024-08-28,Coritiba,Avaí,1,0,2024-brasileiro-serie-b
2024,2024-08-31,CRB,Avaí,1,2,2024-brasileiro-serie-b
2024,2024-08-31,Chapecoense,Botafogo-SP,1,1,2024-brasileiro-serie-b
2024,2024-08-31,Novorizontino,Vila Nova,2,0,2024-brasileiro-serie-b
2024,2024-08-31,Santos,Ponte Preta,2,2,2024-brasileiro-serie-b
2024,2024-09-01,Amazonas,Ceará,1,1,2024-brasileiro-serie-b
2024,2024-09-01,Goiás,Paysandu,1,1,2024-brasileiro-serie-b
2024,2024-09-02,Sport,Ituano,3,2,2024-brasileiro-serie-b
2024,2024-09-03,Mirassol,América Mineiro,1,0,2024-brasileiro-serie-b
2024,2024-09-03,Operário PR,Brusque,0,0,2024-brasileiro-serie-b
2024,2024-09-04,Guarani,Coritiba,2,1,2024-brasileiro-serie-b
2024,2024-09-05,Vila Nova,CRB,1,0,2024-brasileiro-serie-b
2024,2024-09-06,Paysandu,Amazonas,0,1,2024-brasileiro-serie-b
2024,2024-09-07,Avaí,Sport,0,2,2024-brasileiro-serie-b
2024,2024-09-07,Brusque,Santos,0,1,2024-brasileiro-serie-b
2024,2024-09-07,Ituano,Mirassol,3,2,2024-brasileiro-serie-b
2024,2024-09-08,América Mineiro,Guarani,3,0,2024-brasileiro-serie-b
2024,2024-09-08,Ceará,Operário PR,2,1,2024-brasileiro-serie-b
2024,2024-09-08,Coritiba,Novorizontino,2,2,2024-brasileiro-serie-b
2024,2024-09-10,Botafogo-SP,Goiás,1,0,2024-brasileiro-serie-b
2024,2024-09-10,Ponte Preta,Chapecoense,0,2,2024-brasileiro-serie-b
2024,2024-09-12,CRB,Sport,1,1,2024-brasileiro-serie-b
2024,2024-09-13,Novorizontino,Botafogo-SP,2,0,2024-brasileiro-serie-b
2024,2024-09-14,Brusque,Vila Nova,3,1,2024-brasileiro-serie-b
2024,2024-09-14,Goiás,Avaí,2,1,2024-brasileiro-serie-b
2024,2024-09-14,Mirassol,Amazonas,0,0,2024-brasileiro-serie-b
2024,2024-09-14,Paysandu,Guarani,2,1,2024-brasileiro-serie-b
2024,2024-09-14,Ponte Preta,Ituano,1,4,2024-brasileiro-serie-b
2024,2024-09-15,Chapecoense,Ceará,2,1,2024-brasileiro-serie-b
2024,2024-09-15,Operário PR,Coritiba,2,1,2024-brasileiro-serie-b
2024,2024-09-15,Santos,América Mineiro,2,1,2024-brasileiro-serie-b
2024,2024-09-15,Sport,CRB,2,0,2024-brasileiro-serie-b
2024,2024-09-17,Novorizontino,Brusque,1,0,2024-brasileiro-serie-b
2024,2024-09-18,Avaí,Ituano,2,0,2024-brasileiro-serie-b
2024,2024-09-18,Guarani,Mirassol,1,0,2024-brasileiro-serie-b
2024,2024-09-18,Sport,Goiás,1,1,2024-brasileiro-serie-b
2024,2024-09-18,Vila Nova,Chapecoense,3,2,2024-brasileiro-serie-b
2024,2024-09-19,Amazonas,Operário PR,2,1,2024-brasileiro-serie-b
2024,2024-09-19,América Mineiro,Paysandu,2,0,2024-brasileiro-serie-b
2024,2024-09-19,CRB,Ponte Preta,0,1,2024-brasileiro-serie-b
2024,2024-09-19,Coritiba,Ceará,3,1,2024-brasileiro-serie-b
2024,2024-09-20,Botafogo-SP,Santos,0,1,2024-brasileiro-serie-b
2024,2024-09-21,Goiás,Mirassol,0,1,2024-brasileiro-serie-b
2024,2024-09-21,Ituano,Coritiba,0,1,2024-brasileiro-serie-b
2024,2024-09-22,Ceará,Vila Nova,4,0,2024-brasileiro-serie-b
2024,2024-09-22,Chapecoense,Avaí,1,0,2024-brasileiro-serie-b
2024,2024-09-23,Paysandu,Sport,0,1,2024-brasileiro-serie-b
2024,2024-09-24,Brusque,Amazonas,1,0,2024-brasileiro-serie-b
2024,2024-09-24,Operário PR,Guarani,1,0,2024-brasileiro-serie-b
2024,2024-09-24,Santos,Novorizontino,1,1,2024-brasileiro-serie-b
2024,2024-09-25,Botafogo-SP,CRB,0,0,2024-brasileiro-serie-b
2024,2024-09-25,Ponte Preta,América Mineiro,0,2,2024-brasileiro-serie-b
2024,2024-09-26,Chapecoense,Amazonas,2,0,2024-brasileiro-serie-b
2024,2024-09-27,Ceará,Brusque,1,0,2024-brasileiro-serie-b
2024,2024-09-28,Coritiba,Goiás,0,0,2024-brasileiro-serie-b
2024,2024-09-28,Paysandu,Ituano,1,0,2024-brasileiro-serie-b
2024,2024-09-28,Santos,Operário PR,1,0,2024-brasileiro-serie-b
2024,2024-09-28,Vila Nova,Botafogo-SP,1,1,2024-brasileiro-serie-b
2024,2024-09-29,CRB,América Mineiro,2,1,2024-brasileiro-serie-b
2024,2024-09-29,Mirassol,Sport,0,0,2024-brasileiro-serie-b
2024,2024-10-01,Guarani,Avaí,0,0,2024-brasileiro-serie-b
2024,2024-10-01,Novorizontino,Ponte Preta,2,1,2024-brasileiro-serie-b
2024,2024-10-04,América Mineiro,Coritiba,2,1,2024-brasileiro-serie-b
2024,2024-10-04,Operário PR,Chapecoense,3,2,2024-brasileiro-serie-b
2024,2024-10-05,Amazonas,Novorizontino,1,0,2024-brasileiro-serie-b
2024,2024-10-05,Avaí,Brusque,0,0,2024-brasileiro-serie-b
2024,2024-10-05,CRB,Paysandu,3,2,2024-brasileiro-serie-b
2024,2024-10-05,Ituano,Guarani,1,0,2024-brasileiro-serie-b
2024,2024-10-05,Mirassol,Vila Nova,1,0,2024-brasileiro-serie-b
2024,2024-10-05,Ponte Preta,Botafogo-SP,1,0,2024-brasileiro-serie-b
2024,2024-10-08,Goiás,Santos,3,1,2024-brasileiro-serie-b
2024,2024-10-08,Sport,Ceará,2,1,2024-brasileiro-serie-b
2024,2024-10-10,Botafogo-SP,Guarani,3,2,2024-brasileiro-serie-b
2024,2024-10-10,Paysandu,Chapecoense,2,0,2024-brasileiro-serie-b
2024,2024-10-11,Novorizontino,Sport,1,3,2024-brasileiro-serie-b
2024,2024-10-12,Avaí,América Mineiro,2,2,2024-brasileiro-serie-b
2024,2024-10-12,Ceará,Ponte Preta,1,0,2024-brasileiro-serie-b
2024,2024-10-12,Santos,Mirassol,3,2,2024-brasileiro-serie-b
2024,2024-10-13,Botafogo-SP,Operário PR,0,0,2024-brasileiro-serie-b
2024,2024-10-13,Coritiba,Amazonas,3,1,2024-brasileiro-serie-b
2024,2024-10-13,Goiás,Vila Nova,0,1,2024-brasileiro-serie-b
2024,2024-10-14,Brusque,Ituano,1,0,2024-brasileiro-serie-b
2024,2024-10-15,Guarani,CRB,2,1,2024-brasileiro-serie-b
2024,2024-10-17,Chapecoense,Santos,3,2,2024-brasileiro-serie-b
2024,2024-10-17,Sport,Operário PR,1,2,2024-brasileiro-serie-b
2024,2024-10-18,América Mineiro,Goiás,2,2,2024-brasileiro-serie-b
2024,2024-10-18,Brusque,CRB,1,2,2024-brasileiro-serie-b
2024,2024-10-19,Amazonas,Avaí,2,1,2024-brasileiro-serie-b
2024,2024-10-19,Ituano,Ceará,1,2,2024-brasileiro-serie-b
2024,2024-10-19,Mirassol,Novorizontino,1,0,2024-brasileiro-serie-b
2024,2024-10-19,Vila Nova,Coritiba,0,3,2024-brasileiro-serie-b
2024,2024-10-20,Operário PR,Paysandu,1,1,2024-brasileiro-serie-b
2024,2024-10-20,Ponte Preta,Guarani,0,1,2024-brasileiro-serie-b
2024,2024-10-20,Sport,Botafogo-SP,3,1,2024-brasileiro-serie-b
2024,2024-10-22,CRB,Mirassol,0,1,2024-brasileiro-serie-b
2024,2024-10-22,Chapecoense,Goiás,0,4,2024-brasileiro-serie-b
2024,2024-10-22,Santos,Ceará,1,0,2024-brasileiro-serie-b
2024,2024-10-23,Novorizontino,Avaí,2,0,2024-brasileiro-serie-b
2024,2024-10-23,Paysandu,Coritiba,2,1,2024-brasileiro-serie-b
2024,2024-10-23,Ponte Preta,Brusque,2,0,2024-brasileiro-serie-b
2024,2024-10-23,Vila Nova,Amazonas,1,0,2024-brasileiro-serie-b
2024,2024-10-24,Botafogo-SP,Ituano,0,1,2024-brasileiro-serie-b
2024,2024-10-24,Operário PR,América Mineiro,1,0,2024-brasileiro-serie-b
2024,2024-10-25,Sport,Guarani,4,0,2024-brasileiro-serie-b
2024,2024-10-26,Avaí,Vila Nova,3,0,2024-brasileiro-serie-b
2024,2024-10-26,Ceará,Paysandu,2,1,2024-brasileiro-serie-b
2024,2024-10-26,Goiás,Amazonas,1,0,2024-brasileiro-serie-b
2024,2024-10-26,Mirassol,Ponte Preta,3,0,2024-brasileiro-serie-b
2024,2024-10-28,Coritiba,CRB,2,1,2024-brasileiro-serie-b
2024,2024-10-28,Ituano,Santos,0,2,2024-brasileiro-serie-b
2024,2024-10-29,América Mineiro,Sport,2,1,2024-brasileiro-serie-b
2024,2024-10-29,Brusque,Chapecoense,0,1,2024-brasileiro-serie-b
2024,2024-10-29,Goiás,Operário PR,3,0,2024-brasileiro-serie-b
2024,2024-10-30,Amazonas,Botafogo-SP,0,1,2024-brasileiro-serie-b
2024,2024-10-30,Guarani,Novorizontino,0,2,2024-brasileiro-serie-b
2024,2024-11-02,Chapecoense,Novorizontino,0,2,2024-brasileiro-serie-b
2024,2024-11-02,Goiás,Guarani,1,0,2024-brasileiro-serie-b
2024,2024-11-02,Santos,Vila Nova,3,0,2024-brasileiro-serie-b
2024,2024-11-03,Ceará,Avaí,2,0,2024-brasileiro-serie-b
2024,2024-11-04,Operário PR,Sport,2,1,2024-brasileiro-serie-b
2024,2024-11-05,Amazonas,América Mineiro,1,0,2024-brasileiro-serie-b
2024,2024-11-05,Ituano,CRB,1,2,2024-brasileiro-serie-b
2024,2024-11-05,Ponte Preta,Paysandu,1,2,2024-brasileiro-serie-b
2024,2024-11-06,Brusque,Botafogo-SP,0,1,2024-brasileiro-serie-b
2024,2024-11-06,Mirassol,Coritiba,4,1,2024-brasileiro-serie-b
2024,2024-11-09,CRB,Goiás,0,1,2024-brasileiro-serie-b
2024,2024-11-09,Novorizontino,Operário PR,0,1,2024-brasileiro-serie-b
2024,2024-11-10,Avaí,Mirassol,0,0,2024-brasileiro-serie-b
2024,2024-11-10,Sport,Chapecoense,1,1,2024-brasileiro-serie-b
2024,2024-11-11,Vila Nova,Ponte Preta,2,1,2024-brasileiro-serie-b
2024,2024-11-12,América Mineiro,Ituano,3,2,2024-brasileiro-serie-b
2024,2024-11-12,Coritiba,Santos,0,2,2024-brasileiro-serie-b
2024,2024-11-12,Paysandu,Brusque,1,0,2024-brasileiro-serie-b
2024,2024-11-13,Botafogo-SP,Ceará,1,4,2024-brasileiro-serie-b
2024,2024-11-13,Guarani,Amazonas,0,0,2024-brasileiro-serie-b
2024,2024-11-15,Operário PR,Mirassol,1,1,2024-brasileiro-serie-b
2024,2024-11-16,Amazonas,Goiás,0,4,2024-brasileiro-serie-b
2024,2024-11-16,Novorizontino,Paysandu,1,1,2024-brasileiro-serie-b
2024,2024-11-17,Brusque,Guarani,2,1,2024-brasileiro-serie-b
2024,2024-11-17,Chapecoense,Coritiba,2,1,2024-brasileiro-serie-b
2024,2024-11-17,Ponte Preta,Sport,0,4,2024-brasileiro-serie-b
2024,2024-11-17,Santos,CRB,0,2,2024-brasileiro-serie-b
2024,2024-11-17,Vila Nova,Ituano,3,4,2024-brasileiro-serie-b
2024,2024-11-19,Botafogo-SP,Avaí,1,3,2024-brasileiro-serie-b
2024,2024-11-19,Ceará,América Mineiro,1,0,2024-brasileiro-serie-b
2024,2024-11-22,Coritiba,Botafogo-SP,1,3,2024-brasileiro-serie-b
2024,2024-11-23,Avaí,Ponte Preta,2,1,2024-brasileiro-serie-b
2024,2024-11-23,Ituano,Amazonas,0,1,2024-brasileiro-serie-b
2024,2024-11-24,América Mineiro,Brusque,3,0,2024-brasileiro-serie-b
2024,2024-11-24,CRB,Operário PR,1,1,2024-brasileiro-serie-b
2024,2024-11-24,Goiás,Novorizontino,1,0,2024-brasileiro-serie-b
2024,2024-11-24,Guarani,Ceará,0,0,2024-brasileiro-serie-b
2024,2024-11-24,Mirassol,Chapecoense,1,0,2024-brasileiro-serie-b
2024,2024-11-24,Paysandu,Vila Nova,2,1,2024-brasileiro-serie-b
2024,2024-11-24,Sport,Santos,2,1,2024-brasileiro-serie-b
2025,2025-04-04,Goiás,Amazonas,1,0,2025-brasileiro-serie-b
2025,2025-04-05,América Mineiro,Botafogo-SP,1,0,2025-brasileiro-serie-b
2025,2025-04-05,CRB,Chapecoense,1,0,2025-brasileiro-serie-b
2025,2025-04-05,Coritiba,Vila Nova,1,0,2025-brasileiro-serie-b
2025,2025-04-05,Criciúma,Operário PR,1,2,2025-brasileiro-serie-b
2025,2025-04-05,Paysandu,Athletico-PR,1,2,2025-brasileiro-serie-b
2025,2025-04-06,Ferroviária,Remo,1,1,2025-brasileiro-serie-b
2025,2025-04-06,Volta Redonda,Cuiabá,0,1,2025-brasileiro-serie-b
2025,2025-04-07,Atlético Goianiense,Athletic,4,2,2025-brasileiro-serie-b
2025,2025-04-07,Avaí,Novorizontino,1,1,2025-brasileiro-serie-b
2025,2025-04-10,Athletico-PR,Criciúma,2,1,2025-brasileiro-serie-b
2025,2025-04-11,Cuiabá,Avaí,2,2,2025-brasileiro-serie-b
2025,2025-04-12,Amazonas,Ferroviária,0,0,2025-brasileiro-serie-b
2025,2025-04-12,Chapecoense,Coritiba,1,2,2025-brasileiro-serie-b
2025,2025-04-12,Novorizontino,Volta Redonda,1,0,2025-brasileiro-serie-b
2025,2025-04-12,Vila Nova,Paysandu,1,0,2025-brasileiro-serie-b
2025,2025-04-13,Athletic,CRB,1,2,2025-brasileiro-serie-b
2025,2025-04-13,Botafogo-SP,Atlético Goianiense,1,1,2025-brasileiro-serie-b
2025,2025-04-13,Operário PR,Goiás,1,2,2025-brasileiro-serie-b
2025,2025-04-13,Remo,América Mineiro,2,0,2025-brasileiro-serie-b
2025,2025-04-15,Cuiabá,Athletico-PR,2,1,2025-brasileiro-serie-b
2025,2025-04-17,Avaí,Operário PR,1,0,2025-brasileiro-serie-b
2025,2025-04-17,Coritiba,Novorizontino,0,0,2025-brasileiro-serie-b
2025,2025-04-17,Goiás,Vila Nova,2,2,2025-brasileiro-serie-b
2025,2025-04-17,Paysandu,Chapecoense,0,2,2025-brasileiro-serie-b
2025,2025-04-18,América Mineiro,Amazonas,3,1,2025-brasileiro-serie-b
2025,2025-04-18,Botafogo-SP,Remo,2,2,2025-brasileiro-serie-b
2025,2025-04-18,CRB,Volta Redonda,1,0,2025-brasileiro-serie-b
2025,2025-04-18,Criciúma,Athletic,4,0,2025-brasileiro-serie-b
2025,2025-04-18,Ferroviária,Atlético Goianiense,2,0,2025-brasileiro-serie-b
2025,2025-04-19,Operário PR,Paysandu,0,0,2025-brasileiro-serie-b
2025,2025-04-20,Athletico-PR,CRB,2,0,2025-brasileiro-serie-b
2025,2025-04-20,Chapecoense,Athletic,1,0,2025-brasileiro-serie-b
2025,2025-04-20,Vila Nova,Botafogo-SP,2,0,2025-brasileiro-serie-b
2025,2025-04-21,Amazonas,Avaí,0,2,2025-brasileiro-serie-b
2025,2025-04-21,América Mineiro,Goiás,1,0,2025-brasileiro-serie-b
2025,2025-04-21,Novorizontino,Criciúma,1,1,2025-brasileiro-serie-b
2025,2025-04-22,Atlético Goianiense,Cuiabá,1,1,2025-brasileiro-serie-b
2025,2025-04-22,Remo,Coritiba,1,0,2025-brasileiro-serie-b
2025,2025-04-23,Volta Redonda,Ferroviária,0,0,2025-brasileiro-serie-b
2025,2025-04-25,Criciúma,Remo,1,1,2025-brasileiro-serie-b
2025,2025-04-25,Novorizontino,Athletico-PR,2,1,2025-brasileiro-serie-b
2025,2025-04-26,Coritiba,Operário PR,2,0,2025-brasileiro-serie-b
2025,2025-04-26,Vila Nova,Chapecoense,1,0,2025-brasileiro-serie-b
2025,2025-04-27,Amazonas,Atlético Goianiense,1,1,2025-brasileiro-serie-b
2025,2025-04-27,Athletic,Volta Redonda,2,1,2025-brasileiro-serie-b
2025,2025-04-27,Avaí,América Mineiro,3,0,2025-brasileiro-serie-b
2025,2025-04-27,Cuiabá,Ferroviária,1,0,2025-brasileiro-serie-b
2025,2025-04-27,Paysandu,CRB,1,1,2025-brasileiro-serie-b
2025,2025-04-28,Botafogo-SP,Goiás,0,1,2025-brasileiro-serie-b
2025,2025-05-03,Ferroviária,Coritiba,2,1,2025-brasileiro-serie-b
2025,2025-05-03,Remo,Amazonas,1,0,2025-brasileiro-serie-b
2025,2025-05-04,Athletico-PR,Botafogo-SP,1,4,2025-brasileiro-serie-b
2025,2025-05-04,Atlético Goianiense,Novorizontino,1,0,2025-brasileiro-serie-b
2025,2025-05-04,Chapecoense,Criciúma,2,1,2025-brasileiro-serie-b
2025,2025-05-04,Volta Redonda,Paysandu,1,0,2025-brasileiro-serie-b
2025,2025-05-05,Goiás,Avaí,2,1,2025-brasileiro-serie-b
2025,2025-05-05,Operário PR,América Mineiro,1,0,2025-brasileiro-serie-b
2025,2025-05-06,CRB,Cuiabá,1,1,2025-brasileiro-serie-b
2025,2025-05-07,Athletic,Vila Nova,0,1,2025-brasileiro-serie-b
2025,2025-05-09,Athletico-PR,Chapecoense,1,1,2025-brasileiro-serie-b
2025,2025-05-10,Avaí,Atlético Goianiense,0,0,2025-brasileiro-serie-b
2025,2025-05-10,Goiás,Coritiba,1,0,2025-brasileiro-serie-b
2025,2025-05-11,Criciúma,Volta Redonda,0,0,2025-brasileiro-serie-b
2025,2025-05-11,Cuiabá,Operário PR,2,3,2025-brasileiro-serie-b
2025,2025-05-11,Novorizontino,Ferroviária,2,2,2025-brasileiro-serie-b
2025,2025-05-12,Botafogo-SP,Athletic,0,3,2025-brasileiro-serie-b
2025,2025-05-13,Amazonas,CRB,1,1,2025-brasileiro-serie-b
2025,2025-05-14,América Mineiro,Paysandu,2,2,2025-brasileiro-serie-b
2025,2025-05-14,Remo,Vila Nova,2,0,2025-brasileiro-serie-b
2025,2025-05-16,Chapecoense,Cuiabá,2,1,2025-brasileiro-serie-b
2025,2025-05-16,Ferroviária,Avaí,1,1,2025-brasileiro-serie-b
2025,2025-05-17,Operário PR,Botafogo-SP,3,0,2025-brasileiro-serie-b
2025,2025-05-17,Vila Nova,Athletico-PR,2,1,2025-brasileiro-serie-b
2025,2025-05-18,Athletic,Novorizontino,0,2,2025-brasileiro-serie-b
2025,2025-05-18,Atlético Goianiense,Remo,1,1,2025-brasileiro-serie-b
2025,2025-05-18,CRB,Criciúma,1,0,2025-brasileiro-serie-b
2025,2025-05-18,Paysandu,Goiás,0,0,2025-brasileiro-serie-b
2025,2025-05-19,Volta Redonda,Amazonas,1,1,2025-brasileiro-serie-b
2025,2025-05-20,Coritiba,América Mineiro,1,0,2025-brasileiro-serie-b
2025,2025-05-24,Athletico-PR,Athletic,1,0,2025-brasileiro-serie-b
2025,2025-05-24,Avaí,Chapecoense,2,1,2025-brasileiro-serie-b
2025,2025-05-24,Goiás,Ferroviária,2,0,2025-brasileiro-serie-b
2025,2025-05-24,Remo,Volta Redonda,1,1,2025-brasileiro-serie-b
2025,2025-05-25,Amazonas,Operário PR,2,0,2025-brasileiro-serie-b
2025,2025-05-25,Novorizontino,Paysandu,3,1,2025-brasileiro-serie-b
2025,2025-05-26,Criciúma,Coritiba,0,1,2025-brasileiro-serie-b
2025,2025-05-27,América Mineiro,Atlético Goianiense,2,1,2025-brasileiro-serie-b
2025,2025-05-27,Botafogo-SP,CRB,2,1,2025-brasileiro-serie-b
2025,2025-05-27,Cuiabá,Vila Nova,1,0,2025-brasileiro-serie-b
2025,2025-05-30,Ferroviária,Botafogo-SP,1,1,2025-brasileiro-serie-b
2025,2025-05-30,Vila Nova,Novorizontino,0,1,2025-brasileiro-serie-b
2025,2025-05-31,Atlético Goianiense,Goiás,1,2,2025-brasileiro-serie-b
2025,2025-05-31,Coritiba,Avaí,2,1,2025-brasileiro-serie-b
2025,2025-06-01,Athletic,Cuiabá,0,2,2025-brasileiro-serie-b
2025,2025-06-01,CRB,Remo,2,0,2025-brasileiro-serie-b
2025,2025-06-01,Operário PR,Athletico-PR,2,2,2025-brasileiro-serie-b
2025,2025-06-02,Chapecoense,Amazonas,4,0,2025-brasileiro-serie-b
2025,2025-06-02,Volta Redonda,América Mineiro,1,0,2025-brasileiro-serie-b
2025,2025-06-03,Paysandu,Criciúma,0,1,2025-brasileiro-serie-b
2025,2025-06-05,Botafogo-SP,Coritiba,0,0,2025-brasileiro-serie-b
2025,2025-06-06,Novorizontino,Chapecoense,1,0,2025-brasileiro-serie-b
2025,2025-06-07,América Mineiro,Ferroviária,1,2,2025-brasileiro-serie-b
2025,2025-06-07,Cuiabá,Paysandu,1,0,2025-brasileiro-serie-b
2025,2025-06-08,Athletico-PR,Atlético Goianiense,0,1,2025-brasileiro-serie-b
2025,2025-06-08,Avaí,CRB,1,0,2025-brasileiro-serie-b
2025,2025-06-08,Goiás,Volta Redonda,2,0,2025-brasileiro-serie-b
2025,2025-06-08,Remo,Operário PR,2,1,2025-brasileiro-serie-b
2025,2025-06-09,Amazonas,Athletic,1,0,2025-brasileiro-serie-b
2025,2025-06-09,Criciúma,Vila Nova,1,0,2025-brasileiro-serie-b
2025,2025-06-13,Vila Nova,América Mineiro,0,3,2025-brasileiro-serie-b
2025,2025-06-14,Athletico-PR,Remo,2,1,2025-brasileiro-serie-b
2025,2025-06-14,CRB,Goiás,2,0,2025-brasileiro-serie-b
2025,2025-06-14,Paysandu,Botafogo-SP,1,0,2025-brasileiro-serie-b
2025,2025-06-15,Athletic,Operário PR,2,1,2025-brasileiro-serie-b
2025,2025-06-15,Atlético Goianiense,Coritiba,0,0,2025-brasileiro-serie-b
2025,2025-06-15,Novorizontino,Cuiabá,3,0,2025-brasileiro-serie-b
2025,2025-06-16,Chapecoense,Ferroviária,2,1,2025-brasileiro-serie-b
2025,2025-06-16,Criciúma,Amazonas,3,2,2025-brasileiro-serie-b
2025,2025-06-17,Volta Redonda,Avaí,1,1,2025-brasileiro-serie-b
2025,2025-06-20,Botafogo-SP,Chapecoense,1,0,2025-brasileiro-serie-b
2025,2025-06-21,América Mineiro,Criciúma,1,1,2025-brasileiro-serie-b
2025,2025-06-21,Avaí,Athletico-PR,1,2,2025-brasileiro-serie-b
2025,2025-06-21,Remo,Paysandu,0,1,2025-brasileiro-serie-b
2025,2025-06-22,Amazonas,Vila Nova,2,1,2025-brasileiro-serie-b
2025,2025-06-22,Atlético Goianiense,Volta Redonda,2,0,2025-brasileiro-serie-b
2025,2025-06-22,Coritiba,Cuiabá,2,0,2025-brasileiro-serie-b
2025,2025-06-22,Ferroviária,CRB,1,0,2025-brasileiro-serie-b
2025,2025-06-23,Operário PR,Novorizontino,2,0,2025-brasileiro-serie-b
2025,2025-06-24,Goiás,Athletic,1,2,2025-brasileiro-serie-b
2025,2025-06-27,CRB,América Mineiro,1,2,2025-brasileiro-serie-b
2025,2025-06-28,Athletico-PR,Coritiba,0,1,2025-brasileiro-serie-b
2025,2025-06-28,Criciúma,Avaí,1,2,2025-brasileiro-serie-b
2025,2025-06-28,Vila Nova,Atlético Goianiense,1,0,2025-brasileiro-serie-b
2025,2025-06-29,Athletic,Remo,1,2,2025-brasileiro-serie-b
2025,2025-06-29,Chapecoense,Goiás,1,2,2025-brasileiro-serie-b
2025,2025-06-29,Novorizontino,Amazonas,1,1,2025-brasileiro-serie-b
2025,2025-06-29,Volta Redonda,Operário PR,1,0,2025-brasileiro-serie-b
2025,2025-06-30,Paysandu,Ferroviária,2,1,2025-brasileiro-serie-b
2025,2025-07-01,Cuiabá,Botafogo-SP,0,1,2025-brasileiro-serie-b
2025,2025-07-04,Atlético Goianiense,CRB,2,1,2025-brasileiro-serie-b
2025,2025-07-04,Coritiba,Volta Redonda,2,0,2025-brasileiro-serie-b
2025,2025-07-05,Avaí,Paysandu,0,0,2025-brasileiro-serie-b
2025,2025-07-05,Remo,Cuiabá,0,0,2025-brasileiro-serie-b
2025,2025-07-06,Amazonas,Athletico-PR,0,1,2025-brasileiro-serie-b
2025,2025-07-06,Botafogo-SP,Novorizontino,0,0,2025-brasileiro-serie-b
2025,2025-07-06,Ferroviária,Vila Nova,1,3,2025-brasileiro-serie-b
2025,2025-07-07,Operário PR,Chapecoense,1,2,2025-brasileiro-serie-b
2025,2025-07-08,América Mineiro,Athletic,0,1,2025-brasileiro-serie-b
2025,2025-07-08,Goiás,Criciúma,1,1,2025-brasileiro-serie-b
2025,2025-07-11,CRB,Coritiba,0,1,2025-brasileiro-serie-b
2025,2025-07-11,Vila Nova,Operário PR,0,0,2025-brasileiro-serie-b
2025,2025-07-12,Novorizontino,América Mineiro,3,1,2025-brasileiro-serie-b
2025,2025-07-12,Paysandu,Atlético Goianiense,2,2,2025-brasileiro-serie-b
2025,2025-07-13,Athletico-PR,Goiás,0,1,2025-brasileiro-serie-b
2025,2025-07-13,Chapecoense,Remo,1,1,2025-brasileiro-serie-b
2025,2025-07-13,Criciúma,Ferroviária,2,1,2025-brasileiro-serie-b
2025,2025-07-14,Athletic,Avaí,4,0,2025-brasileiro-serie-b
2025,2025-07-15,Botafogo-SP,Volta Redonda,0,0,2025-brasileiro-serie-b
2025,2025-07-15,Cuiabá,Amazonas,3,1,2025-brasileiro-serie-b
2025,2025-07-17,Operário PR,CRB,1,1,2025-brasileiro-serie-b
2025,2025-07-18,Atlético Goianiense,Criciúma,0,1,2025-brasileiro-serie-b
2025,2025-07-18,Remo,Novorizontino,1,1,2025-brasileiro-serie-b
2025,2025-07-19,Avaí,Vila Nova,1,1,2025-brasileiro-serie-b
2025,2025-07-19,Coritiba,Paysandu,2,5,2025-brasileiro-serie-b
2025,2025-07-19,Ferroviária,Athletic,1,2,2025-brasileiro-serie-b
2025,2025-07-19,Goiás,Cuiabá,3,1,2025-brasileiro-serie-b
2025,2025-07-20,Amazonas,Botafogo-SP,3,0,2025-brasileiro-serie-b
2025,2025-07-20,América Mineiro,Chapecoense,0,1,2025-brasileiro-serie-b
2025,2025-07-20,Volta Redonda,Athletico-PR,3,2,2025-brasileiro-serie-b
2025,2025-07-22,Operário PR,Atlético Goianiense,3,0,2025-brasileiro-serie-b
2025,2025-07-23,Athletic,Coritiba,1,1,2025-brasileiro-serie-b
2025,2025-07-23,Athletico-PR,Ferroviária,1,1,2025-brasileiro-serie-b
2025,2025-07-23,Chapecoense,Volta Redonda,4,2,2025-brasileiro-serie-b
2025,2025-07-23,Novorizontino,Goiás,1,0,2025-brasileiro-serie-b
2025,2025-07-23,Vila Nova,CRB,2,0,2025-brasileiro-serie-b
2025,2025-07-24,Amazonas,Paysandu,1,1,2025-brasileiro-serie-b
2025,2025-07-24,Botafogo-SP,Criciúma,0,2,2025-brasileiro-serie-b
2025,2025-07-24,Cuiabá,América Mineiro,3,1,2025-brasileiro-serie-b
2025,2025-07-25,Remo,Avaí,2,1,2025-brasileiro-serie-b
2025,2025-07-26,Ferroviária,Operário PR,0,0,2025-brasileiro-serie-b
2025,2025-07-27,América Mineiro,Athletico-PR,2,2,2025-brasileiro-serie-b
2025,2025-07-27,Atlético Goianiense,Chapecoense,0,0,2025-brasileiro-serie-b
2025,2025-07-27,CRB,Novorizontino,4,0,2025-brasileiro-serie-b
2025,2025-07-27,Coritiba,Amazonas,1,1,2025-brasileiro-serie-b
2025,2025-07-27,Volta Redonda,Vila Nova,2,1,2025-brasileiro-serie-b
2025,2025-07-28,Avaí,Botafogo-SP,5,0,2025-brasileiro-serie-b
2025,2025-07-29,Paysandu,Athletic,1,1,2025-brasileiro-serie-b
2025,2025-07-30,Criciúma,Cuiabá,1,0,2025-brasileiro-serie-b
2025,2025-07-30,Goiás,Remo,1,1,2025-brasileiro-serie-b
2025,2025-08-01,Remo,Ferroviária,0,2,2025-brasileiro-serie-b
2025,2025-08-01,Vila Nova,Coritiba,1,2,2025-brasileiro-serie-b
2025,2025-08-02,Botafogo-SP,América Mineiro,2,1,2025-brasileiro-serie-b
2025,2025-08-02,Operário PR,Criciúma,1,0,2025-brasileiro-serie-b
2025,2025-08-03,Amazonas,Goiás,2,2,2025-brasileiro-serie-b
2025,2025-08-03,Athletico-PR,Paysandu,1,1,2025-brasileiro-serie-b
2025,2025-08-03,Chapecoense,CRB,3,2,2025-brasileiro-serie-b
2025,2025-08-03,Novorizontino,Avaí,1,1,2025-brasileiro-serie-b
2025,2025-08-04,Athletic,Atlético Goianiense,1,1,2025-brasileiro-serie-b
2025,2025-08-05,Cuiabá,Volta Redonda,2,0,2025-brasileiro-serie-b
2025,2025-08-08,Ferroviária,Amazonas,2,1,2025-brasileiro-serie-b
2025,2025-08-09,América Mineiro,Remo,0,1,2025-brasileiro-serie-b
2025,2025-08-09,Coritiba,Chapecoense,0,0,2025-brasileiro-serie-b
2025,2025-08-09,Goiás,Operário PR,2,1,2025-brasileiro-serie-b
2025,2025-08-10,Atlético Goianiense,Botafogo-SP,2,0,2025-brasileiro-serie-b
2025,2025-08-10,Avaí,Cuiabá,2,0,2025-brasileiro-serie-b
2025,2025-08-10,Volta Redonda,Novorizontino,0,0,2025-brasileiro-serie-b
2025,2025-08-11,Criciúma,Athletico-PR,4,2,2025-brasileiro-serie-b
2025,2025-08-12,CRB,Athletic,1,0,2025-brasileiro-serie-b
2025,2025-08-12,Paysandu,Vila Nova,0,1,2025-brasileiro-serie-b
2025,2025-08-15,Novorizontino,Coritiba,1,2,2025-brasileiro-serie-b
2025,2025-08-16,Amazonas,América Mineiro,2,2,2025-brasileiro-serie-b
2025,2025-08-16,Remo,Botafogo-SP,1,1,2025-brasileiro-serie-b
2025,2025-08-16,Vila Nova,Goiás,2,0,2025-brasileiro-serie-b
2025,2025-08-17,Athletico-PR,Cuiabá,1,1,2025-brasileiro-serie-b
2025,2025-08-17,Atlético Goianiense,Ferroviária,1,3,2025-brasileiro-serie-b
2025,2025-08-17,Chapecoense,Paysandu,2,0,2025-brasileiro-serie-b
2025,2025-08-18,Volta Redonda,CRB,0,1,2025-brasileiro-serie-b
2025,2025-08-19,Athletic,Criciúma,1,1,2025-brasileiro-serie-b
2025,2025-08-19,Operário PR,Avaí,0,0,2025-brasileiro-serie-b
2025,2025-08-22,Athletic,Chapecoense,0,4,2025-brasileiro-serie-b
2025,2025-08-23,Coritiba,Remo,0,0,2025-brasileiro-serie-b
2025,2025-08-23,Criciúma,Novorizontino,2,0,2025-brasileiro-serie-b
2025,2025-08-23,Goiás,América Mineiro,1,0,2025-brasileiro-serie-b
2025,2025-08-24,CRB,Athletico-PR,0,1,2025-brasileiro-serie-b
2025,2025-08-24,Ferroviária,Volta Redonda,0,0,2025-brasileiro-serie-b
2025,2025-08-24,Paysandu,Operário PR,1,2,2025-brasileiro-serie-b
2025,2025-08-25,Botafogo-SP,Vila Nova,2,0,2025-brasileiro-serie-b
2025,2025-08-25,Cuiabá,Atlético Goianiense,2,2,2025-brasileiro-serie-b
2025,2025-08-26,Avaí,Amazonas,1,2,2025-brasileiro-serie-b
2025,2025-08-29,Operário PR,Coritiba,1,0,2025-brasileiro-serie-b
2025,2025-08-29,Remo,Criciúma,0,1,2025-brasileiro-serie-b
2025,2025-08-30,CRB,Paysandu,2,0,2025-brasileiro-serie-b
2025,2025-08-30,Goiás,Botafogo-SP,2,3,2025-brasileiro-serie-b
2025,2025-08-31,Athletico-PR,Novorizontino,2,1,2025-brasileiro-serie-b
2025,2025-08-31,Atlético Goianiense,Amazonas,2,0,2025-brasileiro-serie-b
2025,2025-08-31,Volta Redonda,Athletic,0,2,2025-brasileiro-serie-b
2025,2025-09-01,Chapecoense,Vila Nova,2,2,2025-brasileiro-serie-b
2025,2025-09-02,América Mineiro,Avaí,2,0,2025-brasileiro-serie-b
2025,2025-09-02,Ferroviária,Cuiabá,2,2,2025-brasileiro-serie-b
2025,2025-09-05,Amazonas,Remo,1,3,2025-brasileiro-serie-b
2025,2025-09-05,Paysandu,Volta Redonda,1,2,2025-brasileiro-serie-b
2025,2025-09-06,Botafogo-SP,Athletico-PR,1,3,2025-brasileiro-serie-b
2025,2025-09-06,Coritiba,Ferroviária,4,0,2025-brasileiro-serie-b
2025,2025-09-07,América Mineiro,Operário PR,1,1,2025-brasileiro-serie-b
2025,2025-09-07,Criciúma,Chapecoense,2,0,2025-brasileiro-serie-b
2025,2025-09-08,Avaí,Goiás,2,1,2025-brasileiro-serie-b
2025,2025-09-08,Novorizontino,Atlético Goianiense,1,1,2025-brasileiro-serie-b
2025,2025-09-09,Cuiabá,CRB,1,0,2025-brasileiro-serie-b
2025,2025-09-09,Vila Nova,Athletic,1,1,2025-brasileiro-serie-b
2025,2025-09-12,Volta Redonda,Criciúma,0,0,2025-brasileiro-serie-b
2025,2025-09-13,Coritiba,Goiás,0,0,2025-brasileiro-serie-b
2025,2025-09-13,Paysandu,América Mineiro,0,0,2025-brasileiro-serie-b
2025,2025-09-13,Vila Nova,Remo,1,1,2025-brasileiro-serie-b
2025,2025-09-14,Athletic,Botafogo-SP,2,0,2025-brasileiro-serie-b
2025,2025-09-14,Operário PR,Cuiabá,1,1,2025-brasileiro-serie-b
2025,2025-09-15,Ferroviária,Novorizontino,1,2,2025-brasileiro-serie-b
2025,2025-09-16,Atlético Goianiense,Avaí,2,1,2025-brasileiro-serie-b
2025,2025-09-16,CRB,Amazonas,2,0,2025-brasileiro-serie-b
2025,2025-09-17,Chapecoense,Athletico-PR,2,3,2025-brasileiro-serie-b
2025,2025-09-18,Botafogo-SP,Operário PR,1,1,2025-brasileiro-serie-b
2025,2025-09-19,Novorizontino,Athletic,1,0,2025-brasileiro-serie-b
2025,2025-09-20,Amazonas,Volta Redonda,1,0,2025-brasileiro-serie-b
2025,2025-09-20,Avaí,Ferroviária,2,2,2025-brasileiro-serie-b
2025,2025-09-20,Goiás,Paysandu,1,0,2025-brasileiro-serie-b
2025,2025-09-21,América Mineiro,Coritiba,1,0,2025-brasileiro-serie-b
2025,2025-09-21,Athletico-PR,Vila Nova,2,0,2025-brasileiro-serie-b
2025,2025-09-21,Criciúma,CRB,1,0,2025-brasileiro-serie-b
2025,2025-09-21,Remo,Atlético Goianiense,0,1,2025-brasileiro-serie-b
2025,2025-09-22,Cuiabá,Chapecoense,1,0,2025-brasileiro-serie-b
2025,2025-09-23,Paysandu,Novorizontino,0,1,2025-brasileiro-serie-b
2025,2025-09-24,Athletic,Athletico-PR,0,3,2025-brasileiro-serie-b
2025,2025-09-24,CRB,Botafogo-SP,3,2,2025-brasileiro-serie-b
2025,2025-09-24,Ferroviária,Goiás,1,1,2025-brasileiro-serie-b
2025,2025-09-24,Vila Nova,Cuiabá,2,2,2025-brasileiro-serie-b
2025,2025-09-25,Coritiba,Criciúma,0,2,2025-brasileiro-serie-b
2025,2025-09-25,Operário PR,Amazonas,2,1,2025-brasileiro-serie-b
2025,2025-09-25,Volta Redonda,Remo,2,1,2025-brasileiro-serie-b
2025,2025-09-26,Atlético Goianiense,América Mineiro,1,0,2025-brasileiro-serie-b
2025,2025-09-26,Chapecoense,Avaí,0,1,2025-brasileiro-serie-b
2025,2025-09-28,Athletico-PR,Operário PR,1,0,2025-brasileiro-serie-b
2025,2025-09-28,Botafogo-SP,Ferroviária,1,2,2025-brasileiro-serie-b
2025,2025-09-28,Criciúma,Paysandu,2,4,2025-brasileiro-serie-b
2025,2025-09-28,Novorizontino,Vila Nova,1,1,2025-brasileiro-serie-b
2025,2025-09-28,Remo,CRB,4,2,2025-brasileiro-serie-b
2025,2025-09-29,Amazonas,Chapecoense,1,3,2025-brasileiro-serie-b
2025,2025-09-29,América Mineiro,Volta Redonda,2,1,2025-brasileiro-serie-b
2025,2025-09-29,Avaí,Coritiba,0,2,2025-brasileiro-serie-b
2025,2025-09-29,Cuiabá,Athletic,2,1,2025-brasileiro-serie-b
2025,2025-10-01,Goiás,Atlético Goianiense,0,0,2025-brasileiro-serie-b
2025,2025-10-02,Paysandu,Cuiabá,1,1,2025-brasileiro-serie-b
2025,2025-10-03,Athletic,Amazonas,2,2,2025-brasileiro-serie-b
2025,2025-10-03,Vila Nova,Criciúma,1,1,2025-brasileiro-serie-b
2025,2025-10-04,CRB,Avaí,1,0,2025-brasileiro-serie-b
2025,2025-10-04,Chapecoense,Novorizontino,1,0,2025-brasileiro-serie-b
2025,2025-10-04,Coritiba,Botafogo-SP,2,0,2025-brasileiro-serie-b
2025,2025-10-04,Volta Redonda,Goiás,0,0,2025-brasileiro-serie-b
2025,2025-10-05,Ferroviária,América Mineiro,1,3,2025-brasileiro-serie-b
2025,2025-10-05,Operário PR,Remo,0,1,2025-brasileiro-serie-b
2025,2025-10-06,Atlético Goianiense,Athletico-PR,3,0,2025-brasileiro-serie-b
2025,2025-10-08,Amazonas,Criciúma,2,1,2025-brasileiro-serie-b
2025,2025-10-08,Botafogo-SP,Paysandu,1,0,2025-brasileiro-serie-b
2025,2025-10-08,Cuiabá,Novorizontino,0,1,2025-brasileiro-serie-b
2025,2025-10-08,Goiás,CRB,1,2,2025-brasileiro-serie-b
2025,2025-10-08,Operário PR,Athletic,1,4,2025-brasileiro-serie-b
2025,2025-10-09,América Mineiro,Vila Nova,1,1,2025-brasileiro-serie-b
2025,2025-10-09,Avaí,Volta Redonda,3,0,2025-brasileiro-serie-b
2025,2025-10-09,Coritiba,Atlético Goianiense,2,1,2025-brasileiro-serie-b
2025,2025-10-09,Ferroviária,Chapecoense,0,1,2025-brasileiro-serie-b
2025,2025-10-10,Remo,Athletico-PR,2,1,2025-brasileiro-serie-b
2025,2025-10-11,Athletic,Goiás,1,1,2025-brasileiro-serie-b
2025,2025-10-12,Criciúma,América Mineiro,2,1,2025-brasileiro-serie-b
2025,2025-10-12,Novorizontino,Operário PR,3,0,2025-brasileiro-serie-b
2025,2025-10-12,Vila Nova,Amazonas,1,0,2025-brasileiro-serie-b
2025,2025-10-13,Cuiabá,Coritiba,1,0,2025-brasileiro-serie-b
2025,2025-10-13,Volta Redonda,Atlético Goianiense,3,0,2025-brasileiro-serie-b
2025,2025-10-14,CRB,Ferroviária,2,2,2025-brasileiro-serie-b
2025,2025-10-14,Chapecoense,Botafogo-SP,1,1,2025-brasileiro-serie-b
2025,2025-10-14,Paysandu,Remo,2,3,2025-brasileiro-serie-b
2025,2025-10-15,Athletico-PR,Avaí,1,1,2025-brasileiro-serie-b
2025,2025-10-18,Amazonas,Novorizontino,0,0,2025-brasileiro-serie-b
2025,2025-10-18,América Mineiro,CRB,1,1,2025-brasileiro-serie-b
2025,2025-10-18,Atlético Goianiense,Vila Nova,1,0,2025-brasileiro-serie-b
2025,2025-10-19,Avaí,Criciúma,1,1,2025-brasileiro-serie-b
2025,2025-10-19,Botafogo-SP,Cuiabá,2,2,2025-brasileiro-serie-b
2025,2025-10-19,Coritiba,Athletico-PR,0,0,2025-brasileiro-serie-b
2025,2025-10-19,Operário PR,Volta Redonda,2,1,2025-brasileiro-serie-b
2025,2025-10-19,Remo,Athletic,3,1,2025-brasileiro-serie-b
2025,2025-10-20,Ferroviária,Paysandu,2,2,2025-brasileiro-serie-b
2025,2025-10-20,Goiás,Chapecoense,1,3,2025-brasileiro-serie-b
2025,2025-10-24,Novorizontino,Botafogo-SP,1,1,2025-brasileiro-serie-b
2025,2025-10-25,Athletic,América Mineiro,0,2,2025-brasileiro-serie-b
2025,2025-10-25,Cuiabá,Remo,1,3,2025-brasileiro-serie-b
2025,2025-10-25,Paysandu,Avaí,1,2,2025-brasileiro-serie-b
2025,2025-10-25,Volta Redonda,Coritiba,0,1,2025-brasileiro-serie-b
2025,2025-10-26,CRB,Atlético Goianiense,2,1,2025-brasileiro-serie-b
2025,2025-10-26,Criciúma,Goiás,1,2,2025-brasileiro-serie-b
2025,2025-10-26,Vila Nova,Ferroviária,2,2,2025-brasileiro-serie-b
2025,2025-10-27,Chapecoense,Operário PR,2,0,2025-brasileiro-serie-b
2025,2025-10-28,Athletico-PR,Amazonas,2,0,2025-brasileiro-serie-b
2025,2025-10-31,Atlético Goianiense,Paysandu,2,1,2025-brasileiro-serie-b
2025,2025-10-31,Coritiba,CRB,0,0,2025-brasileiro-serie-b
2025,2025-11-01,Avaí,Athletic,2,1,2025-brasileiro-serie-b
2025,2025-11-01,Ferroviária,Criciúma,0,0,2025-brasileiro-serie-b
2025,2025-11-01,Goiás,Athletico-PR,0,1,2025-brasileiro-serie-b
2025,2025-11-02,Amazonas,Cuiabá,2,0,2025-brasileiro-serie-b
2025,2025-11-02,Remo,Chapecoense,1,1,2025-brasileiro-serie-b
2025,2025-11-03,América Mineiro,Novorizontino,2,2,2025-brasileiro-serie-b
2025,2025-11-03,Operário PR,Vila Nova,2,2,2025-brasileiro-serie-b
2025,2025-11-03,Volta Redonda,Botafogo-SP,0,1,2025-brasileiro-serie-b
2025,2025-11-07,Athletic,Ferroviária,2,1,2025-brasileiro-serie-b
2025,2025-11-08,Athletico-PR,Volta Redonda,2,0,2025-brasileiro-serie-b
2025,2025-11-08,Cuiabá,Goiás,0,1,2025-brasileiro-serie-b
2025,2025-11-08,Novorizontino,Remo,1,1,2025-brasileiro-serie-b
2025,2025-11-09,CRB,Operário PR,2,2,2025-brasileiro-serie-b
2025,2025-11-09,Criciúma,Atlético Goianiense,1,0,2025-brasileiro-serie-b
2025,2025-11-09,Vila Nova,Avaí,2,2,2025-brasileiro-serie-b
2025,2025-11-10,Botafogo-SP,Amazonas,1,0,2025-brasileiro-serie-b
2025,2025-11-10,Chapecoense,América Mineiro,0,1,2025-brasileiro-serie-b
2025,2025-11-10,Paysandu,Coritiba,1,2,2025-brasileiro-serie-b
2025,2025-11-15,Atlético Goianiense,Operário PR,0,0,2025-brasileiro-serie-b
2025,2025-11-15,Avaí,Remo,3,1,2025-brasileiro-serie-b
2025,2025-11-15,CRB,Vila Nova,2,0,2025-brasileiro-serie-b
2025,2025-11-15,Coritiba,Athletic,0,0,2025-brasileiro-serie-b
2025,2025-11-15,Paysandu,Amazonas,2,2,2025-brasileiro-serie-b
2025,2025-11-15,Volta Redonda,Chapecoense,1,1,2025-brasileiro-serie-b
2025,2025-11-16,América Mineiro,Cuiabá,1,1,2025-brasileiro-serie-b
2025,2025-11-16,Criciúma,Botafogo-SP,2,0,2025-brasileiro-serie-b
2025,2025-11-16,Ferroviária,Athletico-PR,1,2,2025-brasileiro-serie-b
2025,2025-11-16,Goiás,Novorizontino,1,0,2025-brasileiro-serie-b
2025,2025-11-19,Vila Nova,Volta Redonda,2,2,2025-brasileiro-serie-b
2025,2025-11-22,Novorizontino,CRB,3,0,2025-brasileiro-serie-b
2025,2025-11-23,Amazonas,Coritiba,1,2,2025-brasileiro-serie-b
2025,2025-11-23,Athletic,Paysandu,2,1,2025-brasileiro-serie-b
2025,2025-11-23,Athletico-PR,América Mineiro,1,0,2025-brasileiro-serie-b
2025,2025-11-23,Botafogo-SP,Avaí,0,0,2025-brasileiro-serie-b
2025,2025-11-23,Chapecoense,Atlético Goianiense,1,0,2025-brasileiro-serie-b
2025,2025-11-23,Cuiabá,Criciúma,1,0,2025-brasileiro-serie-b
2025,2025-11-23,Operário PR,Ferroviária,2,1,2025-brasileiro-serie-b
2025,2025-11-23,Remo,Goiás,3,1,2025-brasileiro-serie-b
2026,2026-03-21,Botafogo-SP,Fortaleza,4,0,2026-brasileiro-serie-b
2026,2026-03-21,Ceará,São Bernardo,1,1,2026-brasileiro-serie-b
2026,2026-03-21,Operário PR,Atlético Goianiense,1,0,2026-brasileiro-serie-b
2026,2026-03-21,Vila Nova,CRB,2,2,2026-brasileiro-serie-b
2026,2026-03-22,Athletic,Ponte Preta,2,1,2026-brasileiro-serie-b
2026,2026-03-22,Avaí,Juventude,2,0,2026-brasileiro-serie-b
2026,2026-03-22,Cuiabá,Sport,0,0,2026-brasileiro-serie-b
2026,2026-03-22,Goiás,América Mineiro,3,1,2026-brasileiro-serie-b
2026,2026-03-22,Náutico,Criciúma,0,1,2026-brasileiro-serie-b
2026,2026-03-23,Novorizontino,Londrina,1,3,2026-brasileiro-serie-b
2026,2026-03-31,Fortaleza,Cuiabá,0,0,2026-brasileiro-serie-b
2026,2026-03-31,Juventude,Novorizontino,0,0,2026-brasileiro-serie-b
2026,2026-04-01,América Mineiro,Botafogo-SP,1,2,2026-brasileiro-serie-b
2026,2026-04-01,Atlético Goianiense,Náutico,1,2,2026-brasileiro-serie-b
2026,2026-04-01,Londrina,Goiás,2,2,2026-brasileiro-serie-b
2026,2026-04-01,Sport,Vila Nova,1,1,2026-brasileiro-serie-b
2026,2026-04-02,CRB,Avaí,0,1,2026-brasileiro-serie-b
2026,2026-04-02,Criciúma,Athletic,1,1,2026-brasileiro-serie-b
2026,2026-04-02,Ponte Preta,Ceará,1,1,2026-brasileiro-serie-b
2026,2026-04-02,São Bernardo,Operário PR,1,2,2026-brasileiro-serie-b
2026,2026-04-04,Cuiabá,Ceará,0,2,2026-brasileiro-serie-b
2026,2026-04-04,Fortaleza,Juventude,2,1,2026-brasileiro-serie-b
2026,2026-04-04,Náutico,Ponte Preta,1,0,2026-brasileiro-serie-b
2026,2026-04-05,Avaí,Operário PR,0,0,2026-brasileiro-serie-b
2026,2026-04-05,Londrina,Sport,1,2,2026-brasileiro-serie-b
2026,2026-04-05,Novorizontino,CRB,1,1,2026-brasileiro-serie-b
2026,2026-04-05,Vila Nova,Atlético Goianiense,2,1,2026-brasileiro-serie-b
2026,2026-04-06,Athletic,América Mineiro,1,1,2026-brasileiro-serie-b
2026,2026-04-06,Botafogo-SP,São Bernardo,1,2,2026-brasileiro-serie-b
2026,2026-04-07,Goiás,Criciúma,1,0,2026-brasileiro-serie-b
2026,2026-04-11,Criciúma,Botafogo-SP,1,0,2026-brasileiro-serie-b
2026,2026-04-11,Juventude,Goiás,2,0,2026-brasileiro-serie-b
2026,2026-04-11,Ponte Preta,Vila Nova,0,1,2026-brasileiro-serie-b
2026,2026-04-11,Sport,Avaí,2,2,2026-brasileiro-serie-b
2026,2026-04-12,América Mineiro,Novorizontino,0,3,2026-brasileiro-serie-b
2026,2026-04-12,Ceará,Náutico,1,0,2026-brasileiro-serie-b
2026,2026-04-12,Operário PR,Cuiabá,0,0,2026-brasileiro-serie-b
2026,2026-04-12,São Bernardo,Fortaleza,0,1,2026-brasileiro-serie-b
2026,2026-04-13,Atlético Goianiense,Londrina,2,1,2026-brasileiro-serie-b
2026,2026-04-13,CRB,Athletic,2,3,2026-brasileiro-serie-b
2026,2026-04-18,América Mineiro,Sport,0,0,2026-brasileiro-serie-b
2026,2026-04-18,Náutico,São Bernardo,0,3,2026-brasileiro-serie-b
2026,2026-04-18,Vila Nova,Operário PR,2,1,2026-brasileiro-serie-b
2026,2026-04-19,Avaí,Ponte Preta,1,2,2026-brasileiro-serie-b
2026,2026-04-19,Botafogo-SP,Atlético Goianiense,1,1,2026-brasileiro-serie-b
2026,2026-04-19,CRB,Juventude,0,1,2026-brasileiro-serie-b
2026,2026-04-19,Goiás,Cuiabá,0,2,2026-brasileiro-serie-b
2026,2026-04-19,Londrina,Ceará,0,0,2026-brasileiro-serie-b
2026,2026-04-20,Fortaleza,Criciúma,3,2,2026-brasileiro-serie-b
2026,2026-04-20,Novorizontino,Athletic,2,1,2026-brasileiro-serie-b
2026,2026-04-23,Cuiabá,Botafogo-SP,1,1,2026-brasileiro-serie-b
2026,2026-04-25,Ponte Preta,América Mineiro,1,0,2026-brasileiro-serie-b
2026,2026-04-26,Ceará,Vila Nova,3,3,2026-brasileiro-serie-b
2026,2026-04-26,Juventude,Londrina,1,0,2026-brasileiro-serie-b
2026,2026-04-26,Operário PR,Fortaleza,0,0,2026-brasileiro-serie-b
2026,2026-04-26,Sport,Novorizontino,1,0,2026-brasileiro-serie-b
2026,2026-04-26,São Bernardo,Goiás,1,0,2026-brasileiro-serie-b
2026,2026-04-27,Athletic,Náutico,0,1,2026-brasileiro-serie-b
2026,2026-04-27,Atlético Goianiense,Avaí,2,1,2026-brasileiro-serie-b
2026,2026-04-27,Criciúma,CRB,3,1,2026-brasileiro-serie-b
2026,2026-05-02,Botafogo-SP,Náutico,1,1,2026-brasileiro-serie-b
2026,2026-05-02,Cuiabá,Criciúma,1,1,2026-brasileiro-serie-b
2026,2026-05-03,Atlético Goianiense,Juventude,0,0,2026-brasileiro-serie-b
2026,2026-05-03,Fortaleza,Goiás,4,1,2026-brasileiro-serie-b
2026,2026-05-03,Operário PR,Londrina,3,0,2026-brasileiro-serie-b
2026,2026-05-03,Sport,Ceará,2,0,2026-brasileiro-serie-b
2026,2026-05-03,São Bernardo,Ponte Preta,3,0,2026-brasileiro-serie-b
2026,2026-05-04,América Mineiro,CRB,1,2,2026-brasileiro-serie-b
2026,2026-05-04,Avaí,Novorizontino,3,3,2026-brasileiro-serie-b
2026,2026-05-04,Vila Nova,Athletic,1,1,2026-brasileiro-serie-b
2026,2026-05-09,Athletic,Cuiabá,0,0,2026-brasileiro-serie-b
2026,2026-05-09,Ceará,Atlético Goianiense,0,1,2026-brasileiro-serie-b
2026,2026-05-09,Goiás,Vila Nova,1,0,2026-brasileiro-serie-b
2026,2026-05-09,Ponte Preta,Sport,1,3,2026-brasileiro-serie-b
2026,2026-05-10,Avaí,Fortaleza,0,0,2026-brasileiro-serie-b
2026,2026-05-10,CRB,Operário PR,3,0,2026-brasileiro-serie-b
2026,2026-05-10,Juventude,Criciúma,0,0,2026-brasileiro-serie-b
2026,2026-05-10,Novorizontino,Botafogo-SP,1,0,2026-brasileiro-serie-b
2026,2026-05-10,Náutico,América Mineiro,4,0,2026-brasileiro-serie-b
2026,2026-05-12,Londrina,São Bernardo,1,3,2026-brasileiro-serie-b
2026,2026-05-16,Goiás,Botafogo-SP,1,0,2026-brasileiro-serie-b
2026,2026-05-16,Operário PR,Náutico,2,6,2026-brasileiro-serie-b
2026,2026-05-16,São Bernardo,América Mineiro,1,1,2026-brasileiro-serie-b
2026,2026-05-17,Athletic,Juventude,1,1,2026-brasileiro-serie-b
2026,2026-05-17,Ceará,Fortaleza,2,1,2026-brasileiro-serie-b
2026,2026-05-17,Criciúma,Atlético Goianiense,1,1,2026-brasileiro-serie-b
2026,2026-05-17,Cuiabá,Novorizontino,0,0,2026-brasileiro-serie-b
2026,2026-05-17,Vila Nova,Avaí,2,0,2026-brasileiro-serie-b
2026,2026-05-18,Ponte Preta,Londrina,1,4,2026-brasileiro-serie-b
2026,2026-05-18,Sport,CRB,1,2,2026-brasileiro-serie-b
2026,2026-05-22,Náutico,Cuiabá,1,0,2026-brasileiro-serie-b
2026,2026-05-23,Fortaleza,Londrina,3,0,2026-brasileiro-serie-b
2026,2026-05-23,Novorizontino,Ceará,2,1,2026-brasileiro-serie-b
2026,2026-05-24,América Mineiro,Vila Nova,1,2,2026-brasileiro-serie-b
2026,2026-05-24,Atlético Goianiense,São Bernardo,0,1,2026-brasileiro-serie-b
2026,2026-05-24,Avaí,Goiás,0,2,2026-brasileiro-serie-b
2026,2026-05-24,CRB,Ponte Preta,4,2,2026-brasileiro-serie-b
2026,2026-05-24,Juventude,Sport,0,1,2026-brasileiro-serie-b
2026,2026-05-25,Botafogo-SP,Athletic,1,2,2026-brasileiro-serie-b
2026,2026-05-25,Operário PR,Criciúma,1,1,2026-brasileiro-serie-b
2026,2026-05-30,Athletic,Fortaleza,1,0,2026-brasileiro-serie-b
2026,2026-05-30,Atlético Goianiense,Goiás,1,1,2026-brasileiro-serie-b
2026,2026-05-30,Avaí,Criciúma,1,2,2026-brasileiro-serie-b
2026,2026-05-30,Juventude,América Mineiro,3,0,2026-brasileiro-serie-b
2026,2026-05-31,Ceará,Operário PR,1,2,2026-brasileiro-serie-b
2026,2026-05-31,Londrina,Vila Nova,0,1,2026-brasileiro-serie-b
2026,2026-05-31,Sport,Náutico,2,0,2026-brasileiro-serie-b
2026,2026-05-31,São Bernardo,Novorizontino,1,1,2026-brasileiro-serie-b
2026,2026-06-01,Cuiabá,CRB,2,0,2026-brasileiro-serie-b
2026,2026-06-01,Ponte Preta,Botafogo-SP,0,0,2026-brasileiro-serie-b
2026,2026-06-06,Criciúma,Londrina,1,0,2026-brasileiro-serie-b
2026,2026-06-06,Operário PR,Juventude,2,1,2026-brasileiro-serie-b
2026,2026-06-07,CRB,São Bernardo,2,3,2026-brasileiro-serie-b
2026,2026-06-09,América Mineiro,Atlético Goianiense,1,2,2026-brasileiro-serie-b
2026,2026-06-09,Náutico,Fortaleza,0,1,2026-brasileiro-serie-b
2026,2026-06-09,Ponte Preta,Cuiabá,1,2,2026-brasileiro-serie-b
2026,2026-06-09,Vila Nova,Botafogo-SP,1,0,2026-brasileiro-serie-b
2026,2026-06-11,Ceará,Avaí,2,1,2026-brasileiro-serie-b
2026,2026-06-11,Goiás,Novorizontino,0,4,2026-brasileiro-serie-b
2026,2026-06-11,Sport,Athletic,1,1,2026-brasileiro-serie-b
2026,2026-06-12,Atlético Goianiense,CRB,3,3,2026-brasileiro-serie-b
2026,2026-06-14,Athletic,Goiás,1,1,2026-brasileiro-serie-b
2026,2026-06-14,Botafogo-SP,Operário PR,2,1,2026-brasileiro-serie-b
2026,2026-06-14,Cuiabá,Vila Nova,1,0,2026-brasileiro-serie-b
2026,2026-06-14,Juventude,Ponte Preta,3,0,2026-brasileiro-serie-b
2026,2026-06-14,Novorizontino,Náutico,2,2,2026-brasileiro-serie-b
2026,2026-06-14,São Bernardo,Sport,0,0,2026-brasileiro-serie-b
2026,2026-06-16,Criciúma,Ceará,1,1,2026-brasileiro-serie-b
2026,2026-06-16,Londrina,Avaí,3,2,2026-brasileiro-serie-b
2026,2026-06-17,Fortaleza,América Mineiro,0,3,2026-brasileiro-serie-b
2026,2026-06-19,Sport,Atlético Goianiense,1,1,2026-brasileiro-serie-b
2026,2026-06-20,Ceará,Botafogo-SP,0,1,2026-brasileiro-serie-b
2026,2026-06-20,Londrina,Athletic,2,0,2026-brasileiro-serie-b
2026,2026-06-20,Vila Nova,Náutico,4,3,2026-brasileiro-serie-b
2026,2026-06-21,Avaí,Cuiabá,1,0,2026-brasileiro-serie-b
2026,2026-06-21,CRB,Fortaleza,1,1,2026-brasileiro-serie-b
2026,2026-06-21,Goiás,Operário PR,0,3,2026-brasileiro-serie-b
2026,2026-06-21,São Bernardo,Juventude,0,1,2026-brasileiro-serie-b
2026,2026-06-23,Ponte Preta,Novorizontino,0,2,2026-brasileiro-serie-b
2026,2026-06-24,América Mineiro,Criciúma,0,1,2026-brasileiro-serie-b
2026,2026-06-26,Cuiabá,Londrina,2,2,2026-brasileiro-serie-b
2026,2026-06-26,Novorizontino,Vila Nova,2,1,2026-brasileiro-serie-b
2026,2026-06-27,Criciúma,São Bernardo,1,0,2026-brasileiro-serie-b
2026,2026-06-27,Operário PR,América Mineiro,1,0,2026-brasileiro-serie-b
2026,2026-06-28,Athletic,Avaí,1,0,2026-brasileiro-serie-b
2026,2026-06-28,Atlético Goianiense,Ponte Preta,2,0,2026-brasileiro-serie-b
2026,2026-06-28,Fortaleza,Sport,2,1,2026-brasileiro-serie-b
2026,2026-06-28,Juventude,Ceará,2,0,2026-brasileiro-serie-b
2026,2026-06-28,Náutico,Goiás,0,1,2026-brasileiro-serie-b
2026,2026-07-01,Botafogo-SP,CRB,0,1,2026-brasileiro-serie-b
2026,2026-07-03,Cuiabá,América Mineiro,1,0,2026-brasileiro-serie-b
2026,2026-07-03,Fortaleza,Ponte Preta,2,0,2026-brasileiro-serie-b
2026,2026-07-04,Criciúma,Sport,1,0,2026-brasileiro-serie-b
2026,2026-07-04,Londrina,CRB,5,0,2026-brasileiro-serie-b
2026,2026-07-04,Novorizontino,Atlético Goianiense,3,0,2026-brasileiro-serie-b
2026,2026-07-05,Goiás,Ceará,2,0,2026-brasileiro-serie-b
2026,2026-07-06,Botafogo-SP,Avaí,3,1,2026-brasileiro-serie-b
2026,2026-07-06,Náutico,Juventude,0,0,2026-brasileiro-serie-b
2026,2026-07-06,Vila Nova,São Bernardo,2,1,2026-brasileiro-serie-b
2026,2026-07-08,Athletic,Operário PR,0,1,2026-brasileiro-serie-b
2026,2026-07-09,Ponte Preta,Criciúma,1,2,2026-brasileiro-serie-b
2026,2026-07-10,Juventude,Vila Nova,1,0,2026-brasileiro-serie-b
2026,2026-07-11,Sport,Botafogo-SP,3,3,2026-brasileiro-serie-b
2026,2026-07-12,Atlético Goianiense,Fortaleza,1,0,2026-brasileiro-serie-b
2026,2026-07-12,Avaí,Náutico,2,0,2026-brasileiro-serie-b
2026,2026-07-12,CRB,Goiás,2,2,2026-brasileiro-serie-b
2026,2026-07-12,Operário PR,Novorizontino,2,1,2026-brasileiro-serie-b
2026,2026-07-12,São Bernardo,Cuiabá,2,2,2026-brasileiro-serie-b
2026,2026-07-13,América Mineiro,Londrina,1,1,2026-brasileiro-serie-b
2026,2026-07-14,Ceará,Athletic,0,0,2026-brasileiro-serie-b
2026,2026-07-17,América Mineiro,Ceará,1,1,2026-brasileiro-serie-b
2026,2026-07-17,CRB,Náutico,2,1,2026-brasileiro-serie-b
2026,2026-07-17,Juventude,Cuiabá,2,0,2026-brasileiro-serie-b
2026,2026-07-17,São Bernardo,Avaí,1,1,2026-brasileiro-serie-b
2026,2026-07-18,Atlético Goianiense,Athletic,0,0,2026-brasileiro-serie-b
2026,2026-07-18,Criciúma,Vila Nova,2,0,2026-brasileiro-serie-b
2026,2026-07-18,Fortaleza,Novorizontino,1,0,2026-brasileiro-serie-b
2026,2026-07-18,Londrina,Botafogo-SP,0,0,2026-brasileiro-serie-b
2026,2026-07-18,Ponte Preta,Goiás,1,2,2026-brasileiro-serie-b
2026,2026-07-18,Sport,Operário PR,2,2,2026-brasileiro-serie-b
2026,2026-07-21,Avaí,América Mineiro,2,1,2026-brasileiro-serie-b
2026,2026-07-21,Novorizontino,Criciúma,0,1,2026-brasileiro-serie-b
2026,2026-07-22,Ceará,CRB,0,1,2026-brasileiro-serie-b
2026,2026-07-22,Operário PR,Ponte Preta,3,2,2026-brasileiro-serie-b
2026,2026-07-22,Vila Nova,Fortaleza,2,1,2026-brasileiro-serie-b
2026,2026-07-23,Athletic,São Bernardo,2,1,2026-brasileiro-serie-b
2026,2026-07-23,Goiás,Sport,1,1,2026-brasileiro-serie-b
2026,2026-07-23,Náutico,Londrina,2,1,2026-brasileiro-serie-b
2026,2026-07-24,Botafogo-SP,Juventude,4,2,2026-brasileiro-serie-b
2026,2026-07-24,Cuiabá,Atlético Goianiense,0,1,2026-brasileiro-serie-b
2026,2026-07-26,América Mineiro,Goiás,1,0,2026-brasileiro-serie-b
2026,2026-07-26,Criciúma,Náutico,0,0,2026-brasileiro-serie-b
2026,2026-07-26,Londrina,Novorizontino,1,4,2026-brasileiro-serie-b
2026,2026-07-26,São Bernardo,Ceará,3,4,2026-brasileiro-serie-b
2026,2026-07-27,Atlético Goianiense,Operário PR,3,1,2026-brasileiro-serie-b
2026,2026-07-27,CRB,Vila Nova,2,0,2026-brasileiro-serie-b
2026,2026-07-27,Sport,Cuiabá,1,1,2026-brasileiro-serie-b
2026,2026-07-28,Juventude,Avaí,1,0,2026-brasileiro-serie-b
2026,2026-07-28,Ponte Preta,Athletic,1,1,2026-brasileiro-serie-b
2026,2026-07-29,Fortaleza,Botafogo-SP,1,0,2026-brasileiro-serie-b
2026,2026-08-07,Operário PR,São Bernardo,1,3,2026-brasileiro-serie-b
2026,2026-08-08,Botafogo-SP,América Mineiro,2,1,2026-brasileiro-serie-b
2026,2026-08-08,Ceará,Ponte Preta,2,0,2026-brasileiro-serie-b
2026,2026-08-08,Vila Nova,Sport,0,1,2026-brasileiro-serie-b
2026,2026-08-09,Athletic,Criciúma,2,0,2026-brasileiro-serie-b
2026,2026-08-09,Cuiabá,Fortaleza,1,1,2026-brasileiro-serie-b
2026,2026-08-09,Novorizontino,Juventude,0,1,2026-brasileiro-serie-b
2026,2026-08-09,Náutico,Atlético Goianiense,1,1,2026-brasileiro-serie-b
2026,2026-08-10,Goiás,Londrina,1,0,2026-brasileiro-serie-b
2026,2026-08-11,Avaí,CRB,0,1,2026-brasileiro-serie-b
2026,2026-08-14,Ponte Preta,Náutico,1,1,2026-brasileiro-serie-b
2026,2026-08-14,São Bernardo,Botafogo-SP,0,1,2026-brasileiro-serie-b
2026,2026-08-15,Atlético Goianiense,Vila Nova,0,2,2026-brasileiro-serie-b
2026,2026-08-15,Ceará,Cuiabá,1,3,2026-brasileiro-serie-b
2026,2026-08-15,Criciúma,Goiás,1,0,2026-brasileiro-serie-b
2026,2026-08-15,Juventude,Fortaleza,0,0,2026-brasileiro-serie-b
2026,2026-08-15,Sport,Londrina,2,1,2026-brasileiro-serie-b
2026,2026-08-16,América Mineiro,Athletic,1,3,2026-brasileiro-serie-b
2026,2026-08-16,CRB,Novorizontino,0,0,2026-brasileiro-serie-b
2026,2026-08-16,Operário PR,Avaí,1,2,2026-brasileiro-serie-b
2026,2026-08-18,Londrina,Atlético Goianiense,0,0,2026-brasileiro-serie-b
2026,2026-08-19,Avaí,Sport,2,1,2026-brasileiro-serie-b
2026,2026-08-19,Fortaleza,São Bernardo,1,1,2026-brasileiro-serie-b
2026,2026-08-19,Goiás,Juventude,0,1,2026-brasileiro-serie-b
2026,2026-08-19,Náutico,Ceará,1,0,2026-brasileiro-serie-b
2026,2026-08-20,Athletic,CRB,0,2,2026-brasileiro-serie-b
2026,2026-08-20,Botafogo-SP,Criciúma,1,1,2026-brasileiro-serie-b
2026,2026-08-20,Cuiabá,Operário PR,1,0,2026-brasileiro-serie-b
2026,2026-08-20,Vila Nova,Ponte Preta,6,0,2026-brasileiro-serie-b
2026,2026-08-21,Novorizontino,América Mineiro,3,0,2026-brasileiro-serie-b
2026,2026-08-22,Ceará,Londrina,2,1,2026-brasileiro-serie-b
2026,2026-08-22,Cuiabá,Goiás,1,1,2026-brasileiro-serie-b
2026,2026-08-23,Criciúma,Fortaleza,0,2,2026-brasileiro-serie-b
2026,2026-08-23,Operário PR,Vila Nova,0,0,2026-brasileiro-serie-b
2026,2026-08-23,Ponte Preta,Avaí,0,2,2026-brasileiro-serie-b
2026,2026-08-23,São Bernardo,Náutico,1,1,2026-brasileiro-serie-b
2026,2026-08-24,Athletic,Novorizontino,1,4,2026-brasileiro-serie-b
2026,2026-08-24,Sport,América Mineiro,3,0,2026-brasileiro-serie-b
2026,2026-08-25,Atlético Goianiense,Botafogo-SP,3,0,2026-brasileiro-serie-b
2026,2026-08-25,Juventude,CRB,2,1,2026-brasileiro-serie-b
2026,2026-08-28,Goiás,São Bernardo,2,1,2026-brasileiro-serie-b
2026,2026-08-29,Botafogo-SP,Cuiabá,1,2,2026-brasileiro-serie-b
2026,2026-08-29,Novorizontino,Sport,2,1,2026-brasileiro-serie-b
2026,2026-08-29,Náutico,Athletic,2,1,2026-brasileiro-serie-b
2026,2026-08-30,América Mineiro,Ponte Preta,2,0,2026-brasileiro-serie-b
2026,2026-08-30,Avaí,Atlético Goianiense,0,1,2026-brasileiro-serie-b
2026,2026-08-30,CRB,Criciúma,2,1,2026-brasileiro-serie-b
2026,2026-08-30,Vila Nova,Ceará,2,0,2026-brasileiro-serie-b
2026,2026-08-31,Fortaleza,Operário PR,1,1,2026-brasileiro-serie-b
2026,2026-09-01,Londrina,Juventude,0,0,2026-brasileiro-serie-b
2026,2026-09-04,Criciúma,Cuiabá,2,0,2026-brasileiro-serie-b
2026,2026-09-04,Náutico,Botafogo-SP,1,0,2026-brasileiro-serie-b
2026,2026-09-05,Athletic,Vila Nova,5,0,2026-brasileiro-serie-b
2026,2026-09-05,CRB,América Mineiro,3,1,2026-brasileiro-serie-b
2026,2026-09-05,Ceará,Sport,2,1,2026-brasileiro-serie-b
2026,2026-09-05,Goiás,Fortaleza,0,1,2026-brasileiro-serie-b
2026,2026-09-05,Juventude,Atlético Goianiense,2,2,2026-brasileiro-serie-b
2026,2026-09-05,Novorizontino,Avaí,3,1,2026-brasileiro-serie-b
2026,2026-09-06,Londrina,Operário PR,1,2,2026-brasileiro-serie-b
2026,2026-09-06,Ponte Preta,São Bernardo,0,2,2026-brasileiro-serie-b
2026,2026-09-09,Botafogo-SP,Novorizontino,1,3,2026-brasileiro-serie-b
2026,2026-09-09,Criciúma,Juventude,0,2,2026-brasileiro-serie-b
2026,2026-09-09,Cuiabá,Athletic,3,0,2026-brasileiro-serie-b
2026,2026-09-09,Fortaleza,Avaí,1,0,2026-brasileiro-serie-b
2026,2026-09-10,América Mineiro,Náutico,2,1,2026-brasileiro-serie-b
2026,2026-09-10,Atlético Goianiense,Ceará,2,1,2026-brasileiro-serie-b
2026,2026-09-10,Operário PR,CRB,3,0,2026-brasileiro-serie-b
2026,2026-09-10,Vila Nova,Goiás,2,0,2026-brasileiro-serie-b
2026,2026-09-11,Sport,Ponte Preta,2,0,2026-brasileiro-serie-b
2026,2026-09-11,São Bernardo,Londrina,1,2,2026-brasileiro-serie-b
2026,2026-09-13,Atlético Goianiense,Criciúma,4,0,2026-brasileiro-serie-b
2026,2026-09-13,Fortaleza,Ceará,1,1,2026-brasileiro-serie-b
2026,2026-09-13,Juventude,Athletic,0,2,2026-brasileiro-serie-b
2026,2026-09-13,Novorizontino,Cuiabá,1,1,2026-brasileiro-serie-b
2026,2026-09-14,América Mineiro,São Bernardo,0,2,2026-brasileiro-serie-b
2026,2026-09-14,Botafogo-SP,Goiás,1,3,2026-brasileiro-serie-b
2026,2026-09-15,Avaí,Vila Nova,1,1,2026-brasileiro-serie-b
2026,2026-09-15,Londrina,Ponte Preta,6,0,2026-brasileiro-serie-b
2026,2026-09-15,Náutico,Operário PR,3,3,2026-brasileiro-serie-b
2026,2026-09-16,CRB,Sport,2,1,2026-brasileiro-serie-b
2026,2026-09-18,Vila Nova,América Mineiro,1,0,2026-brasileiro-serie-b
2026,2026-09-19,Athletic,Botafogo-SP,1,1,2026-brasileiro-serie-b
2026,2026-09-19,Ceará,Novorizontino,2,1,2026-brasileiro-serie-b
2026,2026-09-19,Sport,Juventude,2,1,2026-brasileiro-serie-b
2026,2026-09-19,São Bernardo,Atlético Goianiense,1,0,2026-brasileiro-serie-b
2026,2026-09-20,Goiás,Avaí,2,1,2026-brasileiro-serie-b
2026,2026-09-20,Londrina,Fortaleza,1,2,2026-brasileiro-serie-b
2026,2026-09-20,Ponte Preta,CRB,1,0,2026-brasileiro-serie-b
2026,2026-09-22,Criciúma,Operário PR,0,2,2026-brasileiro-serie-b
2026,2026-09-22,Cuiabá,Náutico,3,0,2026-brasileiro-serie-b
2026,2026-09-25,Novorizontino,São Bernardo,0,0,2026-brasileiro-serie-b
2026,2026-09-26,Goiás,Atlético Goianiense,0,1,2026-brasileiro-serie-b
2026,2026-09-26,Náutico,Sport,3,1,2026-brasileiro-serie-b
2026,2026-09-26,Operário PR,Ceará,2,2,2026-brasileiro-serie-b
2026,2026-09-26,Vila Nova,Londrina,2,0,2026-brasileiro-serie-b
2026,2026-09-27,CRB,Cuiabá,3,0,2026-brasileiro-serie-b
2026,2026-09-27,Criciúma,Avaí,3,0,2026-brasileiro-serie-b
2026,2026-09-27,Fortaleza,Athletic,2,2,2026-brasileiro-serie-b
2026,2026-09-28,América Mineiro,Juventude,0,1,2026-brasileiro-serie-b
2026,2026-09-29,Botafogo-SP,Ponte Preta,2,0,2026-brasileiro-serie-b
2026,2026-10-02,Athletic,Sport,1,2,2026-brasileiro-serie-b
2026,2026-10-02,Novorizontino,Goiás,3,0,2026-brasileiro-serie-b
2026,2026-10-02,São Bernardo,CRB,3,1,2026-brasileiro-serie-b
2026,2026-10-03,Atlético Goianiense,América Mineiro,2,0,2026-brasileiro-serie-b
2026,2026-10-03,Avaí,Ceará,0,1,2026-brasileiro-serie-b
2026,2026-10-03,Botafogo-SP,Vila Nova,0,1,2026-brasileiro-serie-b
2026,2026-10-03,Cuiabá,Ponte Preta,2,0,2026-brasileiro-serie-b
2026,2026-10-03,Fortaleza,Náutico,1,1,2026-brasileiro-serie-b
2026,2026-10-03,Juventude,Operário PR,3,0,2026-brasileiro-serie-b
2026,2026-10-03,Londrina,Criciúma,0,2,2026-brasileiro-serie-b
2026,2026-10-06,Sport,São Bernardo,2,1,2026-brasileiro-serie-b
2026,2026-10-07,Avaí,Londrina,2,1,2026-brasileiro-serie-b
2026,2026-10-07,Goiás,Athletic,2,1,2026-brasileiro-serie-b
2026,2026-10-07,Operário PR,Botafogo-SP,1,2,2026-brasileiro-serie-b
2026,2026-10-07,Ponte Preta,Juventude,0,2,2026-brasileiro-serie-b
2026,2026-10-08,América Mineiro,Fortaleza,0,1,2026-brasileiro-serie-b
2026,2026-10-08,CRB,Atlético Goianiense,3,1,2026-brasileiro-serie-b
2026,2026-10-08,Ceará,Criciúma,1,0,2026-brasileiro-serie-b
2026,2026-10-08,Náutico,Novorizontino,0,2,2026-brasileiro-serie-b
2026,2026-10-08,Vila Nova,Cuiabá,0,0,2026-brasileiro-serie-b
